player,year_min,year_max,pos,height,weight,birth_date,colleges,season,age,team_id,lg_id,g,gs,mp_per_g,fg_per_g,fga_per_g,fg_pct,fg3_per_g,fg3a_per_g,fg3_pct,fg2_per_g,fg2a_per_g,fg2_pct,efg_pct,ft_per_g,fta_per_g,ft_pct,orb_per_g,drb_per_g,trb_per_g,ast_per_g,stl_per_g,blk_per_g,tov_per_g,pf_per_g,pts_per_g
Alaa Abdelnaby,1991,1995,,6-10,240,"June 24, 1968",Duke,Career,,,NBA,256,53,12.5,2.4,4.8,.502,0.0,0.0,.000,2.4,4.8,.503,.502,0.9,1.3,.701,1.1,2.2,3.3,0.3,0.3,0.3,1.0,1.9,5.7
Zaid Abdul-Aziz,1969,1978,,6-9,235,"April 7, 1946",Iowa State,Career,,,NBA,505,,21.8,3.5,8.2,.428,,,,,,,,2.0,2.8,.728,2.4,5.4,8.0,1.2,0.6,1.0,0.9,2.2,9.0
Kareem Abdul-Jabbar*,1970,1989,,7-2,225,"April 16, 1947",UCLA,Career,,,NBA,1560,625,36.8,10.2,18.1,.559,0.0,0.0,.056,10.2,18.1,.560,.559,4.3,6.0,.721,2.4,7.6,11.2,3.6,0.9,2.6,2.7,3.0,24.6
Mahmoud Abdul-Rauf,1991,2001,,6-1,162,"March 9, 1969",LSU,Career,,,NBA,586,336,26.7,6.0,13.6,.442,0.8,2.3,.354,5.2,11.3,.460,.472,1.8,2.0,.905,0.4,1.5,1.9,3.5,0.8,0.1,1.6,1.9,14.6
Tariq Abdul-Wahad,1998,2003,,6-6,223,"November 3, 1974","Michigan, San Jose State",Career,,,NBA,236,145,20.4,3.1,7.3,.417,0.1,0.3,.237,3.0,7.0,.425,.422,1.6,2.2,.703,1.2,2.1,3.3,1.1,0.8,0.4,1.3,2.1,7.8
Shareef Abdur-Rahim,1997,2008,,6-9,225,"December 11, 1976",California,Career,,,NBA,830,704,34.8,6.5,13.9,.472,0.2,0.6,.297,6.4,13.2,.480,.479,4.8,6.0,.810,2.3,5.3,7.5,2.5,1.0,0.8,2.6,2.8,18.1
Tom Abernethy,1977,1981,,6-7,220,"May 6, 1954",Indiana,Career,,,NBA,319,,17.0,2.3,4.6,.492,0.0,0.0,.000,2.3,4.6,.493,.492,1.0,1.4,.747,1.2,2.0,3.2,1.2,0.6,0.2,0.5,1.6,5.6
Forest Able,1957,1957,,6-3,180,"July 27, 1932",Western Kentucky,Career,,,NBA,1,,1.0,0.0,2.0,.000,,,,,,,,0.0,0.0,,,,1.0,1.0,,,,1.0,0.0
John Abramovic,1947,1948,,6-3,195,"February 9, 1919",Salem International University,Career,,,BAA,56,,,3.6,15.3,.237,,,,,,,,2.3,3.3,.686,,,,0.7,,,,3.1,9.5
Álex Abrines,2017,2019,,6-6,200,"August 1, 1993",,Career,,,NBA,174,16,16.0,1.8,4.5,.387,1.3,3.4,.368,0.5,1.1,.443,.525,0.5,0.6,.880,0.3,1.1,1.4,0.5,0.5,0.1,0.4,1.7,5.3
Precious Achiuwa,2021,2021,,6-8,225,"September 19, 1999",Memphis,Career,,,NBA,61,4,12.1,2.0,3.7,.544,0.0,0.0,.000,2.0,3.7,.546,.544,0.9,1.8,.509,1.2,2.2,3.4,0.5,0.3,0.5,0.7,1.5,5.0
Alex Acker,2006,2009,,6-5,185,"January 21, 1983",Pepperdine,Career,,,NBA,30,0,7.8,1.1,3.1,.370,0.3,0.8,.320,0.9,2.2,.388,.413,0.2,0.3,.500,0.3,0.7,1.0,0.5,0.2,0.1,0.4,0.4,2.7
Don Ackerman,1954,1954,,6-0,183,"September 4, 1930",Long Island University,Career,,,NBA,28,,7.9,0.5,2.3,.222,,,,,,,,0.5,1.0,.536,,,0.5,0.8,,,,1.5,1.5
Mark Acres,1988,1993,,6-11,220,"November 15, 1962",Oral Roberts,Career,,,NBA,375,68,16.0,1.4,2.7,.506,0.0,0.0,.538,1.4,2.7,.505,.509,0.8,1.2,.665,1.5,2.5,4.1,0.5,0.4,0.3,0.6,2.5,3.6
Bud Acton,1968,1968,,6-6,210,"January 11, 1942",Hillsdale College,Career,,,NBA,23,,8.5,1.3,3.2,.392,,,,,,,,0.8,1.3,.655,,,2.0,0.5,,,,1.5,3.3
Quincy Acy,2013,2019,,6-7,240,"October 6, 1990",Baylor,Career,,,NBA,337,60,16.0,1.7,3.9,.444,0.5,1.6,.350,1.2,2.3,.506,.513,0.9,1.1,.759,0.9,2.6,3.5,0.6,0.4,0.4,0.6,2.0,4.9
Alvan Adams,1976,1988,,6-9,210,"July 19, 1954",Oklahoma,Career,,,NBA,988,342,27.5,5.8,11.6,.498,0.0,0.0,.133,5.8,11.6,.498,.498,2.5,3.2,.788,2.0,5.0,7.0,4.1,1.3,0.8,2.6,3.3,14.1
Don Adams,1971,1977,,6-6,210,"November 27, 1947",Northwestern,Career,,,TOT,523,,25.8,3.5,8.7,.402,0.0,0.1,.000,3.5,8.7,.402,.402,1.8,2.5,.741,1.5,3.3,5.6,1.9,1.1,0.2,2.2,3.3,8.8
George Adams,1973,1975,,6-5,210,"May 15, 1949",Gardner-Webb University,Career,,,ABA,215,,18.2,3.3,6.7,.497,0.0,0.1,.235,3.3,6.6,.500,.499,1.0,1.3,.794,1.5,2.6,4.1,1.5,0.6,0.4,1.4,1.7,7.7
Hassan Adams,2007,2009,,6-4,220,"June 20, 1984",Arizona,Career,,,NBA,73,8,7.5,1.1,2.0,.534,0.0,0.0,.000,1.1,2.0,.537,.534,0.4,0.6,.643,0.5,0.7,1.2,0.2,0.2,0.1,0.4,0.7,2.5
Jaylen Adams,2019,2021,,6-0,225,"May 4, 1996",St. Bonaventure,Career,,,NBA,41,1,10.9,1.0,2.9,.331,0.6,1.9,.329,0.3,1.0,.333,.436,0.2,0.2,.778,0.3,1.3,1.5,1.6,0.3,0.1,0.7,1.1,2.7
Jordan Adams,2015,2016,,6-5,209,"July 8, 1994",UCLA,Career,,,NBA,32,0,8.2,1.2,2.9,.402,0.3,0.8,.385,0.8,2.1,.409,.457,0.5,0.9,.607,0.3,0.7,0.9,0.6,0.6,0.2,0.5,0.8,3.2
Michael Adams,1986,1996,,5-10,162,"January 19, 1963",Boston College,Career,,,NBA,653,510,31.3,5.0,12.0,.415,1.5,4.4,.332,3.5,7.6,.462,.475,3.3,3.9,.849,0.6,2.3,2.9,6.4,1.7,0.1,2.1,1.8,14.7
Steven Adams,2014,2021,,6-11,265,"July 20, 1993",Pitt,Career,,,NBA,588,524,26.9,4.0,6.8,.591,0.0,0.0,.077,4.0,6.7,.592,.591,1.6,2.9,.548,3.5,4.3,7.7,1.2,0.9,1.0,1.4,2.5,9.6
Rafael Addison,1987,1997,,6-7,215,"July 22, 1964",Syracuse,Career,,,NBA,379,54,15.0,2.4,5.4,.449,0.2,0.6,.282,2.2,4.8,.472,.466,0.7,0.9,.772,0.7,1.4,2.1,0.9,0.4,0.2,0.7,1.8,5.8
Bam Adebayo,2018,2021,,6-9,255,"July 18, 1997",Kentucky,Career,,,NBA,287,183,27.3,4.7,8.4,.559,0.0,0.2,.159,4.7,8.3,.566,.560,2.9,4.0,.738,2.1,5.9,8.0,3.5,0.9,0.9,2.0,2.3,12.4
Deng Adel,2019,2019,,6-7,200,"February 1, 1997",Louisville,Career,,,NBA,19,3,10.2,0.6,1.9,.306,0.3,1.2,.261,0.3,0.7,.385,.389,0.2,0.2,1.000,0.2,0.8,1.0,0.3,0.1,0.2,0.3,0.7,1.7
Rick Adelman*,1969,1975,,6-1,175,"June 16, 1946",Loyola Marymount,Career,,,NBA,462,,22.6,3.0,7.2,.415,,,,,,,,1.8,2.5,.713,0.4,1.1,2.4,3.5,0.9,0.1,,2.1,7.7
Jeff Adrien,2011,2015,,6-7,245,"February 10, 1986",UConn,Career,,,NBA,153,17,14.0,1.7,3.6,.474,0.0,0.0,.000,1.7,3.6,.476,.474,1.2,1.9,.628,1.4,2.9,4.3,0.7,0.3,0.5,0.6,1.7,4.6
Arron Afflalo,2008,2018,,6-5,210,"October 15, 1985",UCLA,Career,,,NBA,762,537,27.3,3.9,8.7,.450,1.1,2.9,.386,2.8,5.8,.481,.514,1.8,2.2,.825,0.4,2.4,2.9,1.8,0.4,0.2,1.1,1.9,10.8
Maurice Ager,2007,2011,,6-5,202,"February 9, 1984",Michigan State,Career,,,NBA,82,4,6.2,0.8,2.3,.339,0.1,0.5,.250,0.6,1.8,.366,.368,0.4,0.6,.566,0.1,0.5,0.6,0.2,0.1,0.1,0.4,0.8,2.1
Mark Aguirre,1982,1994,,6-6,232,"December 10, 1959",DePaul,Career,,,NBA,923,639,30.0,7.8,16.1,.484,0.4,1.4,.312,7.4,14.7,.500,.498,4.0,5.4,.741,1.8,3.1,5.0,3.1,0.7,0.3,2.5,2.8,20.0
Blake Ahearn,2008,2012,,6-2,190,"May 27, 1984",Missouri State University,Career,,,NBA,19,0,11.9,1.1,4.1,.273,0.7,2.5,.298,0.4,1.6,.233,.364,1.7,1.7,.970,0.1,1.1,1.2,1.2,0.4,0.0,1.2,1.4,4.6
Danny Ainge,1982,1995,,6-4,175,"March 17, 1959",BYU,Career,,,NBA,1042,508,26.6,4.5,9.5,.469,1.0,2.5,.378,3.5,7.0,.502,.519,1.6,1.9,.846,0.7,2.0,2.7,4.0,1.1,0.1,1.5,2.4,11.5
Matthew Aitch,1968,1968,,6-7,230,"September 21, 1944",Michigan State,Career,,,ABA,45,,14.2,2.2,5.5,.405,0.0,0.0,.000,2.2,5.4,.408,.405,1.2,1.7,.675,,,3.6,0.4,,,0.8,1.5,5.6
Alexis Ajinça,2009,2017,,7-2,248,"May 6, 1988",,Career,,,NBA,293,76,13.3,2.2,4.4,.503,0.0,0.1,.286,2.2,4.2,.510,.507,0.9,1.1,.797,1.2,2.7,3.9,0.5,0.3,0.6,0.8,2.3,5.3
Henry Akin,1967,1969,,6-10,225,"July 31, 1944",Morehead State University,Career,,,TOT,88,,8.4,1.5,4.2,.350,0.0,1.0,.000,1.5,4.2,.352,.350,0.5,0.8,.676,0.0,2.0,2.1,0.5,,,2.0,1.5,3.5
Josh Akognon,2013,2013,,5-11,185,"February 10, 1986","Washington State, Cal State Fullerton",Career,,,NBA,3,0,3.0,0.7,1.3,.500,0.3,0.7,.500,0.3,0.7,.500,.625,0.0,0.0,,0.0,0.3,0.3,0.3,0.0,0.0,0.0,1.0,1.7
DeVaughn Akoon-Purcell,2019,2019,,6-6,200,"June 5, 1993",Illinois State,Career,,,NBA,7,0,3.1,0.4,1.4,.300,0.0,0.6,.000,0.4,0.9,.500,.300,0.1,0.3,.500,0.1,0.4,0.6,0.9,0.3,0.0,0.3,0.6,1.0
Solomon Alabi,2011,2012,,7-1,251,"March 21, 1988",Florida State,Career,,,NBA,26,0,7.0,0.6,2.0,.314,0.0,0.0,,0.6,2.0,.314,.314,0.3,0.4,.700,0.8,1.5,2.3,0.2,0.2,0.4,0.3,0.6,1.5
Mark Alarie,1987,1991,,6-8,217,"December 11, 1963",Duke,Career,,,NBA,325,41,16.9,3.2,6.7,.475,0.1,0.4,.252,3.1,6.3,.490,.483,1.0,1.3,.775,1.3,2.1,3.4,1.1,0.4,0.3,1.0,2.2,7.5
Gary Alcorn,1960,1961,,6-9,225,"October 8, 1936",Fresno State,Career,,,NBA,78,,10.8,1.3,4.5,.293,,,,,,,,0.7,1.2,.598,,,4.2,0.3,,,,2.2,3.3
Furkan Aldemir,2015,2015,,6-10,240,"August 9, 1991",,Career,,,NBA,41,9,13.2,1.0,1.9,.513,0.0,0.1,.000,1.0,1.8,.548,.513,0.3,0.7,.481,1.9,2.4,4.3,0.7,0.4,0.4,0.4,2.3,2.3
Cole Aldrich,2011,2018,,6-11,250,"October 31, 1988",Kansas,Career,,,NBA,339,23,10.0,1.3,2.4,.527,0.0,0.0,,1.3,2.4,.527,.527,0.5,0.7,.738,1.0,2.4,3.3,0.5,0.4,0.7,0.6,1.5,3.1
LaMarcus Aldridge,2007,2021,,6-11,250,"July 19, 1985",Texas,Career,,,NBA,1029,985,34.2,7.8,16.0,.491,0.2,0.6,.321,7.6,15.3,.498,.497,3.5,4.3,.811,2.6,5.6,8.2,2.0,0.7,1.1,1.6,2.4,19.4
Chuck Aleksinas,1985,1985,,6-11,260,"February 26, 1959","Kentucky, UConn",Career,,,NBA,74,4,15.1,2.2,4.6,.478,0.0,0.0,.000,2.2,4.5,.479,.478,0.7,1.0,.733,1.2,2.5,3.6,0.5,0.2,0.2,1.0,2.3,5.1
Cliff Alexander,2016,2016,,6-8,245,"November 16, 1995",Kansas,Career,,,NBA,8,0,4.5,0.6,1.3,.500,0.0,0.0,,0.6,1.3,.500,.500,0.0,0.0,,0.3,0.5,0.8,0.0,0.1,0.3,0.1,0.1,1.3
Cory Alexander,1996,2005,,6-1,185,"June 22, 1973",Virginia,Career,,,NBA,307,35,15.8,1.9,4.9,.389,0.8,2.2,.354,1.1,2.7,.417,.468,0.9,1.1,.756,0.3,1.3,1.6,2.7,0.9,0.1,1.5,1.7,5.5
Courtney Alexander,2001,2003,,6-5,205,"April 27, 1977","Virginia, Fresno State",Career,,,NBA,187,59,21.7,3.5,8.3,.422,0.2,0.6,.339,3.3,7.7,.429,.435,1.8,2.2,.813,0.7,1.5,2.2,1.2,0.6,0.1,1.1,2.0,9.0
Gary Alexander,1994,1994,,6-7,240,"November 1, 1969",South Florida,Career,,,NBA,11,0,5.0,0.7,1.3,.571,0.0,0.0,,0.7,1.3,.571,.571,0.3,0.8,.333,0.6,0.7,1.4,0.2,0.3,0.0,0.7,0.9,1.7
Joe Alexander,2009,2010,,6-8,230,"December 26, 1986",West Virginia,Career,,,NBA,67,0,11.1,1.5,3.7,.410,0.2,0.7,.340,1.3,3.0,.426,.442,0.9,1.3,.698,0.7,1.1,1.8,0.7,0.2,0.4,0.8,1.7,4.2
Kyle Alexander,2020,2020,,6-11,220,"October 21, 1996",Tennessee,Career,,,NBA,2,0,6.5,0.5,1.0,.500,0.0,0.0,,0.5,1.0,.500,.500,0.0,0.0,,1.0,0.5,1.5,0.0,0.0,0.0,0.5,0.5,1.0
Ty-Shon Alexander,2021,2021,,6-3,195,"July 16, 1998",Creighton,Career,,,NBA,15,0,3.1,0.2,0.8,.250,0.1,0.6,.222,0.1,0.2,.333,.333,0.1,0.1,.500,0.1,0.5,0.7,0.4,0.0,0.1,0.2,0.1,0.6
Victor Alexander,1992,2002,,6-9,265,"August 31, 1969",Iowa State,Career,,,NBA,286,155,20.1,3.8,7.4,.518,0.1,0.2,.286,3.8,7.2,.525,.522,1.1,1.8,.634,1.6,3.3,4.8,0.9,0.5,0.6,1.3,2.5,8.9
Nickeil Alexander-Walker,2020,2021,,6-6,205,"September 2, 1998",Virginia Tech,Career,,,NBA,93,14,17.2,3.1,7.8,.401,1.3,3.8,.347,1.8,4.0,.452,.485,0.8,1.1,.709,0.2,2.2,2.5,2.1,0.7,0.3,1.3,1.6,8.3
Steve Alford,1988,1991,,6-2,183,"November 23, 1964",Indiana,Career,,,NBA,169,3,9.7,1.7,3.8,.459,0.2,0.6,.324,1.5,3.1,.487,.487,0.8,0.9,.870,0.1,0.7,0.9,1.0,0.5,0.1,0.5,0.7,4.4
Rawle Alkins,2019,2019,,6-5,225,"October 29, 1997",Arizona,Career,,,NBA,10,1,12.0,1.3,3.9,.333,0.3,1.2,.250,1.0,2.7,.370,.372,0.8,1.2,.667,1.1,1.5,2.6,1.3,0.1,0.0,0.8,0.7,3.7
Bill Allen,1968,1968,,6-8,205,,New Mexico State,Career,,,ABA,38,,22.6,3.2,7.4,.429,0.1,0.1,1.000,3.1,7.3,.424,.432,1.5,2.6,.586,,,7.1,0.6,,,1.0,3.2,7.9
Bob Allen,1969,1969,,6-9,205,"July 17, 1946",Marshall,Career,,,NBA,27,,8.6,0.5,1.6,.326,,,,,,,,0.7,1.3,.556,,,2.1,0.4,,,,1.0,1.8
Grayson Allen,2019,2021,,6-4,198,"October 8, 1995",Duke,Career,,,NBA,126,40,19.0,2.8,6.7,.423,1.6,4.1,.381,1.3,2.6,.489,.540,1.3,1.6,.832,0.2,1.9,2.1,1.5,0.5,0.1,0.9,1.4,8.5
Jarrett Allen,2018,2021,,6-11,243,"April 21, 1998",Texas,Career,,,NBA,285,220,25.4,4.1,6.7,.611,0.1,0.3,.200,4.0,6.4,.631,.616,2.4,3.5,.696,2.6,5.7,8.3,1.3,0.5,1.4,1.3,2.1,10.7
Jerome Allen,1996,1997,,6-4,184,"January 28, 1973",Penn,Career,,,NBA,117,1,11.2,1.0,2.8,.350,0.3,1.1,.317,0.6,1.7,.370,.411,0.6,0.9,.630,0.3,0.8,1.1,1.7,0.4,0.1,0.9,1.1,2.9
Kadeem Allen,2018,2020,,6-1,200,"January 15, 1993",Arizona,Career,,,NBA,47,2,13.6,1.9,4.4,.435,0.5,1.3,.349,1.4,3.1,.472,.488,1.2,1.6,.757,0.3,1.2,1.5,2.3,0.5,0.2,0.9,1.4,5.5
Lavoy Allen,2012,2017,,6-9,260,"February 4, 1989",Temple,Career,,,NBA,388,87,17.8,2.1,4.5,.471,0.0,0.0,.133,2.1,4.5,.474,.472,0.5,0.7,.682,1.8,2.9,4.8,1.0,0.3,0.6,0.7,1.8,4.8
Lucius Allen,1970,1979,,6-2,175,"September 26, 1947",UCLA,Career,,,NBA,702,,28.7,5.5,11.9,.463,,,,,,,,2.3,3.1,.760,1.0,2.3,3.1,4.5,1.5,0.3,2.3,2.6,13.4
Malik Allen,2002,2011,,6-10,255,"June 27, 1978",Villanova,Career,,,NBA,478,125,15.2,2.2,4.9,.439,0.0,0.0,.188,2.2,4.9,.441,.440,0.5,0.7,.778,1.0,1.9,2.8,0.5,0.3,0.5,0.7,1.9,4.9
Randy Allen,1989,1990,,6-8,220,"January 26, 1965",Florida State,Career,,,NBA,70,6,11.3,1.6,3.7,.442,0.0,0.1,.000,1.6,3.6,.456,.442,0.3,0.6,.533,0.7,1.3,2.1,0.3,0.2,0.3,0.4,1.6,3.6
Ray Allen*,1997,2014,,6-5,205,"July 20, 1975",UConn,Career,,,NBA,1300,1149,35.6,6.6,14.6,.452,2.3,5.7,.400,4.3,8.9,.485,.530,3.4,3.8,.894,0.9,3.1,4.1,3.4,1.1,0.2,2.1,2.2,18.9
Tony Allen,2005,2018,,6-4,213,"January 11, 1982","Butler County Community College, Oklahoma State",Career,,,NBA,820,441,22.0,3.2,6.6,.475,0.2,0.5,.282,3.0,6.1,.492,.487,1.7,2.3,.709,1.2,2.3,3.5,1.3,1.4,0.4,1.4,2.4,8.1
Willie Allen,1972,1972,,6-6,230,"February 8, 1949",Miami (FL),Career,,,ABA,7,,4.3,0.6,1.9,.308,0.0,0.0,,0.6,1.9,.308,.308,0.7,0.9,.833,0.6,1.4,2.0,0.6,,,0.9,1.6,1.9
Odis Allison,1972,1972,,6-6,195,"October 2, 1949",UNLV,Career,,,NBA,36,,4.6,0.5,2.2,.218,,,,,,,,0.9,1.7,.541,,,1.3,0.3,,,,0.9,1.9
Lance Allred,2008,2008,,6-11,250,"February 2, 1981","Utah, Weber State",Career,,,NBA,3,0,3.3,0.3,1.3,.250,0.0,0.0,,0.3,1.3,.250,.250,0.3,0.7,.500,0.0,0.3,0.3,0.0,0.0,0.0,0.0,0.3,1.0
Darrell Allums,1981,1981,,6-9,220,"September 12, 1958",UCLA,Career,,,NBA,22,,12.5,1.0,3.0,.343,0.0,0.0,.000,1.0,3.0,.348,.343,0.6,1.0,.591,0.9,2.1,3.0,1.1,0.2,0.4,1.0,2.3,2.7
Morris Almond,2008,2012,,6-6,225,"February 2, 1985",Rice University,Career,,,NBA,38,1,9.5,1.1,3.0,.381,0.2,0.6,.292,0.9,2.3,.404,.412,0.7,0.9,.743,0.3,0.9,1.2,0.3,0.3,0.1,0.5,1.1,3.1
Derrick Alston,1995,1997,,6-11,225,"August 20, 1972",Duquesne,Career,,,NBA,139,42,19.1,2.3,4.7,.489,0.0,0.1,.143,2.3,4.6,.493,.490,0.8,1.7,.487,1.6,2.1,3.8,0.7,0.7,0.6,0.8,2.1,5.4
Rafer Alston,2000,2010,,6-2,171,"July 24, 1976",Fresno State,Career,,,NBA,671,452,28.9,3.7,9.5,.383,1.5,4.2,.354,2.2,5.3,.407,.461,1.3,1.8,.729,0.4,2.5,2.8,4.8,1.2,0.2,1.8,2.1,10.1
Peter Aluma,1999,1999,,6-10,260,"April 23, 1973",Liberty,Career,,,NBA,2,0,2.5,0.5,1.0,.500,0.0,0.0,,0.5,1.0,.500,.500,0.0,0.0,,0.5,0.5,1.0,0.0,0.5,0.5,1.0,2.0,1.0
John Amaechi,1996,2003,,6-10,270,"November 26, 1970","Vanderbilt, Penn State",Career,,,NBA,294,93,16.4,2.3,5.6,.403,0.0,0.0,.077,2.3,5.6,.405,.403,1.7,2.6,.671,0.8,1.8,2.6,0.8,0.3,0.3,1.3,1.7,6.2
Ashraf Amaya,1996,1997,,6-8,230,"November 23, 1971",Southern Illinois,Career,,,NBA,85,34,14.7,1.6,3.4,.455,0.0,0.0,.500,1.6,3.4,.455,.457,1.3,2.1,.633,1.6,2.6,4.2,0.4,0.3,0.2,0.8,2.1,4.5
Al-Farouq Aminu,2011,2021,,6-8,220,"September 21, 1990",Wake Forest,Career,,,NBA,711,445,24.9,2.7,6.5,.420,0.8,2.3,.332,2.0,4.2,.467,.478,1.3,1.7,.746,1.4,4.6,6.0,1.2,1.0,0.6,1.2,1.8,7.5
Lou Amundson,2007,2016,,6-9,220,"December 7, 1982",UNLV,Career,,,NBA,428,42,12.9,1.5,3.2,.474,0.0,0.0,.000,1.5,3.2,.475,.474,0.6,1.4,.444,1.5,2.1,3.6,0.4,0.4,0.7,0.7,2.0,3.7
Bob Anderegg,1960,1960,,6-3,200,"August 24, 1937",Michigan State,Career,,,NBA,33,,11.3,1.7,4.3,.385,,,,,,,,0.7,1.3,.548,,,2.1,0.9,,,,1.0,4.0
Chris Andersen,2002,2017,,6-10,245,"July 7, 1978",Blinn College,Career,,,NBA,695,45,17.7,1.9,3.6,.532,0.0,0.1,.221,1.9,3.5,.541,.535,1.5,2.3,.654,1.7,3.3,5.0,0.5,0.4,1.4,0.7,1.9,5.4
David Andersen,2010,2011,,6-11,245,"June 23, 1980",,Career,,,NBA,103,0,12.3,2.0,4.5,.440,0.3,1.0,.347,1.6,3.5,.467,.478,0.6,0.9,.674,0.7,2.1,2.8,0.6,0.2,0.2,0.6,1.5,4.9
Alan Anderson,2006,2017,,6-6,220,"October 16, 1982",Michigan State,Career,,,NBA,330,66,20.6,2.6,6.3,.405,1.0,2.9,.344,1.6,3.4,.457,.484,1.2,1.5,.816,0.5,1.7,2.2,1.1,0.6,0.1,0.9,1.8,7.3
Andrew Anderson,1968,1970,,6-2,184,"July 6, 1945",Canisius,Career,,,ABA,194,,24.7,4.1,10.1,.410,0.1,0.3,.159,4.1,9.8,.418,.413,2.4,3.2,.755,1.6,1.4,2.7,1.7,,,1.6,2.4,10.7
Antonio Anderson,2010,2010,,6-6,215,"June 5, 1985",Memphis,Career,,,NBA,1,0,15.0,1.0,3.0,.333,0.0,0.0,,1.0,3.0,.333,.333,0.0,0.0,,1.0,0.0,1.0,0.0,0.0,0.0,1.0,1.0,2.0
Cliff Anderson,1968,1971,,6-2,200,"September 7, 1944",Saint Joseph's,Career,,,TOT,84,,7.2,0.9,2.5,.354,0.0,0.0,,0.9,2.5,.354,.354,1.3,2.2,.585,0.3,1.0,1.3,0.9,,,1.0,1.3,3.0
Dan Anderson,1968,1969,,6-10,230,"February 15, 1943",Augsburg College,Career,,,ABA,140,,28.8,4.9,10.2,.481,0.0,0.0,,4.9,10.2,.481,.481,2.4,3.4,.727,3.5,5.9,9.4,1.1,,,1.5,3.6,12.2
Dan Anderson,1975,1976,,6-2,185,"January 1, 1951",USC,Career,,,NBA,95,,11.2,1.4,3.0,.472,,,,,,,,0.8,1.0,.846,0.2,0.7,1.0,1.7,0.4,0.0,,1.1,3.7
Derek Anderson,1998,2008,,6-5,194,"July 18, 1974","Ohio State, Kentucky",Career,,,NBA,615,390,29.2,3.9,9.6,.408,1.0,3.1,.341,2.9,6.6,.440,.463,3.0,3.6,.853,0.7,2.5,3.2,3.4,1.1,0.1,1.7,2.0,12.0
Dwight Anderson,1983,1983,,6-3,185,"December 28, 1960","Kentucky, USC",Career,,,NBA,5,0,6.6,1.4,2.8,.500,0.0,0.0,,1.4,2.8,.500,.500,1.4,2.0,.700,0.0,0.4,0.4,0.6,0.2,0.0,1.0,1.4,4.2
Eric Anderson,1993,1994,,6-9,220,"May 26, 1970",Indiana,Career,,,NBA,27,0,3.1,0.4,1.3,.343,0.1,0.1,1.000,0.4,1.2,.303,.371,0.6,1.0,.593,0.4,0.7,1.1,0.2,0.1,0.1,0.3,0.9,1.6
Greg Anderson,1988,1998,,6-10,230,"June 22, 1964",Houston,Career,,,NBA,680,315,20.6,3.0,6.0,.492,0.0,0.0,.087,3.0,6.0,.494,.492,1.4,2.5,.557,2.1,4.1,6.2,0.6,0.7,0.9,1.4,2.6,7.3
J.J. Anderson,1983,1985,,6-8,195,"September 23, 1960",Bradley,Career,,,NBA,157,2,12.5,1.9,4.2,.465,0.0,0.1,.000,1.9,4.1,.471,.465,0.9,1.6,.558,1.2,1.6,2.8,0.7,0.7,0.2,0.8,1.6,4.8
James Anderson,2011,2016,,6-6,213,"March 25, 1989",Oklahoma State,Career,,,NBA,247,83,17.5,2.1,5.2,.411,0.8,2.5,.321,1.3,2.7,.495,.488,0.7,0.9,.755,0.4,1.8,2.3,1.2,0.5,0.2,0.9,1.2,5.8
Jerome Anderson,1976,1977,,6-5,195,"October 9, 1953",West Virginia,Career,,,NBA,49,,5.9,1.0,2.1,.490,,,,,,,,0.5,0.7,.694,0.3,0.2,0.5,0.3,0.2,0.1,,1.0,2.6
Justin Anderson,2016,2020,,6-6,230,"November 19, 1993",Virginia,Career,,,NBA,226,24,13.1,1.8,4.5,.413,0.6,2.2,.296,1.2,2.3,.522,.485,0.9,1.2,.774,0.6,1.9,2.5,0.7,0.4,0.3,0.6,1.2,5.2
Kenny Anderson,1992,2005,,6-0,168,"October 9, 1970",Georgia Tech,Career,,,NBA,858,693,30.1,4.7,11.1,.421,0.6,1.8,.346,4.0,9.2,.436,.449,2.6,3.3,.790,0.8,2.3,3.1,6.1,1.5,0.1,2.1,2.3,12.6
Kim Anderson,1979,1979,,6-7,200,"May 12, 1955",Missouri,Career,,,NBA,21,,10.7,1.1,3.7,.312,,,,,,,,0.7,1.3,.536,0.8,1.3,2.1,0.7,0.2,0.2,1.0,2.0,3.0
Kyle Anderson,2015,2021,,6-9,230,"September 20, 1993",UCLA,Career,,,NBA,436,237,20.9,2.5,5.3,.483,0.4,1.2,.335,2.1,4.1,.526,.521,1.0,1.4,.724,0.7,3.5,4.2,2.3,1.0,0.6,0.9,1.5,6.5
Michael Anderson,1989,1989,,5-11,184,"March 23, 1966",Drexel,Career,,,NBA,36,12,20.3,2.0,4.9,.417,0.0,0.2,.143,2.0,4.7,.429,.420,1.6,2.3,.695,1.2,1.3,2.5,4.3,1.2,0.1,2.3,1.8,5.7
Nick Anderson,1990,2002,,6-6,205,"January 20, 1968",Illinois,Career,,,NBA,800,636,31.2,5.5,12.4,.446,1.3,3.7,.356,4.2,8.7,.485,.500,2.1,3.1,.667,1.3,3.8,5.1,2.6,1.4,0.5,1.7,1.9,14.4
Richard Anderson,1983,1990,,6-10,240,"November 19, 1960",UC Santa Barbara,Career,,,NBA,407,30,14.7,2.2,5.4,.412,0.4,1.1,.333,1.9,4.3,.432,.446,0.7,0.9,.762,1.1,2.4,3.5,1.5,0.6,0.2,0.9,1.7,5.6
Ron Anderson,1985,1994,,6-7,215,"October 15, 1958",Fresno State,Career,,,NBA,664,79,22.8,4.4,9.4,.471,0.2,0.6,.287,4.3,8.8,.482,.479,1.6,2.0,.814,1.3,2.2,3.5,1.4,0.7,0.1,1.1,1.5,10.6
Ryan Anderson,2009,2020,,6-9,240,"May 6, 1988",California,Career,,,NBA,649,289,25.8,4.2,10.1,.422,2.0,5.4,.380,2.2,4.7,.470,.523,1.8,2.1,.854,1.9,3.3,5.3,0.9,0.5,0.3,0.9,1.9,12.3
Shandon Anderson,1997,2006,,6-6,208,"December 31, 1973",Georgia,Career,,,NBA,719,226,22.2,2.8,6.1,.457,0.4,1.4,.316,2.3,4.7,.498,.492,1.4,1.9,.739,0.8,2.3,3.1,1.4,0.8,0.3,1.3,2.0,7.4
Willie Anderson,1989,1997,,6-7,190,"January 8, 1967",Georgia,Career,,,NBA,555,432,28.8,5.1,10.7,.471,0.2,0.7,.266,4.9,10.1,.485,.479,1.9,2.4,.786,1.0,2.8,3.8,3.8,1.1,0.6,2.1,2.7,12.2
Wally Anderzunas,1970,1970,,6-7,220,"January 11, 1946",Creighton,Career,,,NBA,44,,8.4,1.5,3.8,.392,,,,,,,,0.7,1.0,.630,,,1.9,0.2,,,,1.1,3.6
Martynas Andriuškevičius,2006,2006,,7-2,240,"March 12, 1986",,Career,,,NBA,6,0,1.5,0.0,0.2,.000,0.0,0.0,,0.0,0.2,.000,.000,0.0,0.0,,0.2,0.5,0.7,0.0,0.3,0.0,0.0,0.2,0.0
Don Anielak,1955,1955,,6-7,190,"November 1, 1930",Missouri State University,Career,,,NBA,1,,10.0,0.0,4.0,.000,,,,,,,,3.0,4.0,.750,,,2.0,0.0,,,,0.0,3.0
Ike Anigbogu,2018,2019,,6-10,250,"October 17, 1998",UCLA,Career,,,NBA,14,0,2.6,0.3,0.9,.333,0.0,0.0,,0.3,0.9,.333,.333,0.4,0.4,.833,0.4,0.4,0.9,0.1,0.1,0.3,0.2,0.1,0.9
Michael Ansley,1990,1992,,6-7,225,"February 8, 1967",Alabama,Career,,,NBA,149,6,14.4,2.6,5.0,.513,0.0,0.0,,2.6,5.0,.513,.513,1.7,2.4,.722,2.1,2.1,4.2,0.4,0.3,0.2,0.6,1.9,6.9
Chris Anstey,1998,2000,,7-0,249,"January 1, 1975",,Career,,,NBA,155,23,13.9,2.0,4.7,.413,0.0,0.2,.138,1.9,4.5,.424,.416,1.3,1.7,.755,1.1,2.3,3.4,0.8,0.5,0.4,0.9,2.4,5.2
Giannis Antetokounmpo,2014,2021,,6-11,242,"December 6, 1994",,Career,,,NBA,589,524,32.5,7.6,14.4,.532,0.6,2.2,.287,7.0,12.1,.577,.554,5.0,7.0,.717,1.7,7.4,9.1,4.5,1.2,1.3,2.8,3.0,20.9
Kostas Antetokounmpo,2019,2021,,6-10,200,"November 20, 1997",Dayton,Career,,,NBA,22,0,4.0,0.3,0.7,.375,0.0,0.0,,0.3,0.7,.375,.375,0.4,0.9,.474,0.3,0.8,1.0,0.1,0.2,0.2,0.6,0.5,1.0
Thanasis Antetokounmpo,2016,2021,,6-6,219,"July 18, 1992",,Career,,,NBA,79,5,8.7,1.2,2.4,.497,0.1,0.5,.175,1.1,1.9,.584,.516,0.4,0.8,.485,0.8,1.1,1.9,0.8,0.4,0.2,0.7,1.2,2.9
Carmelo Anthony,2004,2021,,6-7,238,"May 29, 1984",Syracuse,Career,,,NBA,1191,1117,35.0,8.2,18.4,.447,1.3,3.8,.353,6.9,14.6,.471,.483,5.2,6.4,.814,1.6,4.7,6.3,2.8,1.0,0.5,2.5,2.8,23.0
Cole Anthony,2021,2021,,6-2,185,"May 15, 2000",UNC,Career,,,NBA,47,34,27.1,4.7,11.7,.397,1.2,3.7,.337,3.4,8.1,.424,.449,2.3,2.8,.832,0.8,3.9,4.7,4.1,0.6,0.4,2.3,2.1,12.9
Greg Anthony,1992,2002,,6-0,176,"November 15, 1967","University of Portland, UNLV",Career,,,NBA,757,227,20.9,2.5,6.3,.403,0.8,2.3,.349,1.7,4.0,.434,.467,1.4,1.9,.733,0.4,1.5,1.9,4.0,1.2,0.1,1.4,1.7,7.3
Joel Anthony,2008,2017,,6-9,245,"August 9, 1982",UNLV,Career,,,NBA,490,110,14.4,0.8,1.6,.513,0.0,0.0,,0.8,1.6,.513,.513,0.5,0.8,.662,1.1,1.6,2.8,0.2,0.3,1.1,0.5,1.7,2.2
Pero Antić,2014,2015,,6-11,260,"July 29, 1982",,Career,,,NBA,113,29,17.4,2.0,5.2,.392,1.0,3.0,.314,1.1,2.2,.500,.483,1.2,1.7,.730,1.0,2.5,3.5,0.9,0.3,0.2,0.9,2.3,6.3
OG Anunoby,2018,2021,,6-7,232,"July 17, 1997",Indiana,Career,,,NBA,253,179,25.0,3.5,7.3,.480,1.3,3.5,.375,2.2,3.7,.579,.571,0.9,1.3,.692,0.9,2.9,3.9,1.2,1.0,0.4,1.0,2.2,9.2
Keith Appling,2016,2016,,6-1,185,"February 13, 1992",Michigan State,Career,,,NBA,5,0,5.4,0.4,1.6,.250,0.0,0.6,.000,0.4,1.0,.400,.250,0.4,0.4,1.000,0.0,0.2,0.2,0.2,0.2,0.0,0.6,1.0,1.2
Rafael Araújo,2005,2007,,6-11,280,"August 12, 1980",BYU,Career,,,NBA,139,75,11.4,1.1,2.8,.405,0.0,0.0,.250,1.1,2.7,.407,.406,0.5,0.8,.679,0.9,1.9,2.8,0.3,0.4,0.1,0.8,2.2,2.8
Stacey Arceneaux,1962,1962,,6-4,210,"February 17, 1936",Iowa State,Career,,,NBA,7,,15.7,3.1,8.0,.393,,,,,,,,0.9,1.9,.462,,,4.6,0.6,,,,1.4,7.1
Robert Archibald,2003,2004,,6-11,250,"March 29, 1980",Illinois,Career,,,NBA,44,3,7.5,0.3,1.2,.283,0.0,0.0,,0.3,1.2,.283,.283,0.5,1.1,.429,0.6,1.0,1.6,0.4,0.3,0.1,0.4,1.3,1.2
Tiny Archibald*,1971,1984,,6-1,150,"September 2, 1948",Texas-El Paso,Career,,,NBA,876,268,35.6,6.7,14.4,.467,0.1,0.3,.224,6.7,14.3,.469,.468,5.3,6.6,.810,0.5,1.6,2.3,7.4,1.1,0.1,2.7,2.3,18.8
Ryan Arcidiacono,2018,2021,,6-3,195,"March 26, 1994",Villanova,Career,,,NBA,207,36,17.6,1.7,3.8,.431,0.8,2.2,.373,0.8,1.7,.507,.537,0.6,0.8,.807,0.3,1.8,2.0,2.2,0.6,0.0,0.6,1.6,4.8
Jim Ard,1971,1978,,6-8,215,"September 19, 1948",Cincinnati,Career,,,TOT,431,,13.4,1.7,4.3,.402,0.0,0.1,.235,1.7,4.3,.404,.403,0.9,1.4,.662,1.3,2.9,4.3,0.6,0.2,0.5,1.3,1.7,4.4
Gilbert Arenas,2002,2012,,6-3,191,"January 6, 1982",Arizona,Career,,,NBA,552,455,35.1,6.7,16.0,.421,2.0,5.6,.351,4.8,10.5,.458,.482,5.2,6.5,.803,0.8,3.1,3.9,5.3,1.6,0.2,3.2,3.0,20.7
Trevor Ariza,2005,2021,,6-8,215,"June 30, 1985",UCLA,Career,,,NBA,1094,758,29.7,3.7,8.9,.423,1.4,4.1,.352,2.3,4.8,.484,.504,1.6,2.1,.732,1.0,3.8,4.8,2.1,1.5,0.3,1.3,2.0,10.5
Paul Arizin*,1951,1962,,6-4,190,"April 9, 1928",Villanova,Career,,,NBA,713,,38.4,7.9,18.7,.421,,,,,,,,7.0,8.7,.810,,,8.6,2.3,,,,3.9,22.8
Joe Arlauckas,1988,1988,,6-9,230,"July 20, 1965",Niagara University,Career,,,NBA,9,0,9.4,1.6,4.8,.326,0.0,0.0,,1.6,4.8,.326,.326,0.7,0.9,.750,0.7,0.8,1.4,0.9,0.3,0.4,0.4,1.8,3.8
B.J. Armstrong,1990,2000,,6-2,175,"September 9, 1967",Iowa,Career,,,NBA,747,341,23.8,3.8,8.0,.477,0.6,1.4,.425,3.2,6.6,.487,.513,1.6,1.9,.856,0.3,1.5,1.8,3.3,0.7,0.1,1.2,1.5,9.8
Bob Armstrong,1957,1957,,6-8,220,"June 17, 1933",Michigan State,Career,,,NBA,19,,5.8,0.6,1.9,.297,,,,,,,,0.3,0.6,.500,,,2.1,0.2,,,,0.7,1.5
Brandon Armstrong,2002,2004,,6-5,188,"June 16, 1980",Pepperdine,Career,,,NBA,108,0,6.5,0.9,2.7,.352,0.2,0.7,.333,0.7,2.0,.358,.395,0.1,0.2,.600,0.2,0.4,0.6,0.2,0.2,0.0,0.3,0.8,2.2
Curly Armstrong,1949,1951,,5-11,170,"November 1, 1918",Indiana,Career,,,TOT,153,,,2.3,7.7,.295,,,,,,,,2.3,3.3,.692,,,2.3,2.3,,,,3.0,6.8
Darrell Armstrong,1995,2008,,6-0,170,"June 22, 1968",Fayetteville State University,Career,,,NBA,840,337,23.7,3.2,7.7,.409,1.1,3.3,.334,2.1,4.5,.465,.480,1.7,2.0,.871,0.8,1.9,2.7,4.0,1.3,0.1,1.9,1.7,9.2
Hilton Armstrong,2007,2014,,6-11,235,"November 11, 1984",UConn,Career,,,NBA,292,40,11.6,1.2,2.4,.501,0.0,0.0,.286,1.2,2.3,.503,.502,0.6,1.1,.582,1.0,1.6,2.6,0.3,0.3,0.5,0.8,1.9,3.0
Tate Armstrong,1978,1979,,6-3,175,"October 5, 1955",Duke,Career,,,NBA,92,,10.6,1.7,3.8,.454,,,,,,,,0.3,0.4,.800,0.3,0.6,1.0,1.1,0.4,0.0,0.9,0.7,3.8
Jesse Arnelle,1956,1956,,6-5,220,"December 30, 1933",Penn State,Career,,,NBA,31,,13.2,1.7,5.3,.317,,,,,,,,1.4,2.2,.623,,,5.5,0.6,,,,1.9,4.7
Jay Arnette,1964,1966,,6-2,175,"December 19, 1938",Texas,Career,,,NBA,114,,10.3,1.4,3.9,.365,,,,,,,,0.9,1.1,.760,,,1.0,1.2,,,,2.0,3.7
Bob Arnzen,1970,1974,,6-5,205,"November 3, 1947",Notre Dame,Career,,,TOT,111,,8.6,1.7,3.7,.465,0.0,0.1,.200,1.7,3.7,.468,.466,0.5,0.7,.800,0.6,0.6,2.0,0.3,0.2,0.1,0.3,0.8,4.0
Carlos Arroyo,2002,2011,,6-2,202,"July 30, 1979",Florida International University,Career,,,NBA,569,191,18.7,2.5,5.7,.438,0.2,0.7,.338,2.3,5.0,.452,.459,1.4,1.7,.806,0.4,1.3,1.7,3.1,0.5,0.0,1.2,1.5,6.6
Darrell Arthur,2009,2018,,6-9,235,"March 25, 1988",Kansas,Career,,,NBA,503,106,17.8,2.7,6.2,.444,0.3,0.9,.352,2.4,5.3,.460,.470,0.7,0.9,.765,1.1,2.4,3.5,0.8,0.6,0.6,0.8,2.5,6.5
John Arthurs,1970,1970,,6-4,185,"August 15, 1947",Tulane,Career,,,NBA,11,,7.8,1.1,3.2,.343,,,,,,,,1.0,1.4,.733,,,1.3,1.5,,,,1.4,3.2
Jamel Artis,2018,2018,,6-7,213,"January 12, 1993",Pitt,Career,,,NBA,15,1,18.6,2.1,5.3,.392,0.5,1.9,.276,1.5,3.3,.460,.443,0.5,0.8,.583,0.3,2.3,2.5,1.2,0.1,0.2,0.5,0.7,5.1
Ömer Aşık,2011,2018,,7-0,255,"July 4, 1986",,Career,,,NBA,471,262,19.6,2.0,3.8,.528,0.0,0.0,.000,2.0,3.8,.528,.528,1.2,2.3,.551,2.2,4.9,7.1,0.6,0.4,0.7,1.2,2.0,5.3
Vincent Askew,1988,1998,,6-6,210,"February 28, 1966",Memphis,Career,,,NBA,467,27,20.0,2.6,5.4,.479,0.2,0.5,.300,2.4,4.9,.499,.494,1.7,2.3,.754,0.9,1.7,2.5,2.2,0.7,0.2,1.1,2.1,7.1
Keith Askins,1991,1999,,6-7,197,"December 15, 1967",Alabama,Career,,,NBA,486,80,16.4,1.4,3.5,.401,0.6,1.6,.355,0.8,1.9,.440,.483,0.5,0.6,.717,1.1,1.9,2.9,0.8,0.6,0.3,0.7,2.3,3.8
Don Asmonga,1954,1954,,6-2,185,"February 15, 1928",Alliance College,Career,,,NBA,7,,6.6,0.3,2.1,.133,,,,,,,,0.1,0.1,1.000,,,0.1,0.7,,,,1.7,0.7
Dick Atha,1956,1958,,6-2,190,"September 21, 1931",Indiana State University,Career,,,NBA,43,,10.4,1.2,3.1,.393,,,,,,,,0.7,0.9,.795,,,1.5,1.2,,,,1.5,3.2
Chucky Atkins,2000,2010,,5-11,160,"August 14, 1974",South Florida,Career,,,NBA,696,325,24.9,3.6,8.7,.412,1.3,3.7,.364,2.2,5.0,.447,.489,1.4,1.8,.772,0.3,1.4,1.7,3.4,0.7,0.1,1.5,1.8,9.9
Al Attles*,1961,1971,,6-0,175,"November 7, 1936",North Carolina A&T,Career,,,NBA,711,,25.1,3.5,7.8,.451,,,,,,,,1.9,3.0,.632,,,3.5,3.5,,,,3.4,8.9
Chet Aubuchon,1947,1947,,5-10,137,"May 18, 1916",Michigan State,Career,,,BAA,30,,,0.8,3.0,.253,,,,,,,,0.6,1.2,.543,,,,0.7,,,,1.5,2.2
Stacey Augmon,1992,2006,,6-8,205,"August 1, 1968",UNLV,Career,,,NBA,1001,472,21.6,3.0,6.5,.469,0.0,0.1,.152,3.0,6.4,.473,.470,1.9,2.6,.728,1.3,1.9,3.2,1.6,1.0,0.3,1.2,1.7,8.0
D.J. Augustin,2009,2021,,5-11,183,"November 10, 1987",Texas,Career,,,NBA,921,332,23.9,3.1,7.7,.411,1.3,3.4,.379,1.9,4.2,.437,.496,2.1,2.5,.867,0.3,1.6,1.9,4.0,0.6,0.0,1.5,1.4,9.7
James Augustine,2007,2008,,6-10,235,"February 27, 1984",Illinois,Career,,,NBA,27,0,5.8,0.7,1.4,.514,0.0,0.0,,0.7,1.4,.514,.514,0.1,0.3,.500,0.6,0.6,1.2,0.1,0.2,0.1,0.2,0.7,1.6
Isaac Austin,1992,2002,,6-10,255,"August 18, 1969",Arizona State,Career,,,NBA,432,166,19.3,3.0,6.7,.446,0.0,0.1,.176,3.0,6.6,.451,.448,1.6,2.4,.670,1.4,3.3,4.7,1.2,0.5,0.5,1.6,2.2,7.6
Johnny Austin,1967,1968,,6-0,170,"August 31, 1944",Boston College,Career,,,TOT,45,,16.7,2.5,6.7,.375,0.0,0.3,.000,2.5,6.4,.390,.375,2.5,3.5,.731,,,1.6,1.4,,,1.4,2.7,7.6
Ken Austin,1984,1984,,6-9,205,"July 15, 1961",Rice University,Career,,,NBA,7,0,4.0,0.9,1.9,.462,0.0,0.0,,0.9,1.9,.462,.462,0.0,0.0,,0.3,0.1,0.4,0.1,0.1,0.1,0.4,1.0,1.7
Deni Avdija,2021,2021,,6-9,210,"January 3, 2001",,Career,,,NBA,54,32,23.3,2.4,5.8,.417,1.0,3.1,.315,1.4,2.7,.535,.502,0.5,0.8,.644,0.4,4.4,4.9,1.2,0.6,0.3,0.6,2.6,6.3
Anthony Avent,1993,2000,,6-9,235,"October 18, 1969",Seton Hall,Career,,,NBA,352,156,19.1,2.3,5.7,.403,0.0,0.0,.000,2.3,5.7,.404,.403,0.9,1.4,.686,1.6,2.9,4.5,0.8,0.5,0.6,1.2,2.3,5.6
Bird Averitt,1974,1978,,6-1,170,"July 22, 1952",Pepperdine,Career,,,TOT,366,,22.3,4.8,11.8,.405,0.2,1.0,.249,4.6,11.1,.414,.412,2.4,3.3,.743,0.5,1.3,1.9,2.9,0.9,0.2,2.5,2.3,12.1
William Avery,2000,2002,,6-2,197,"August 8, 1979",Duke,Career,,,NBA,142,1,8.5,1.0,2.9,.330,0.3,1.1,.255,0.7,1.8,.376,.378,0.5,0.6,.714,0.1,0.5,0.7,1.4,0.2,0.0,0.7,0.9,2.7
Dennis Awtrey,1971,1982,,6-10,235,"February 22, 1948",Santa Clara,Career,,,NBA,733,3,19.3,1.9,4.1,.459,0.0,0.0,,1.9,4.1,.459,.459,1.0,1.6,.652,1.3,2.9,4.6,2.0,0.4,0.3,1.1,2.3,4.8
Gustavo Ayón,2012,2014,,6-10,250,"April 1, 1985",,Career,,,NBA,135,41,16.7,2.1,3.9,.536,0.0,0.0,.000,2.1,3.9,.537,.536,0.5,1.0,.504,1.4,3.0,4.4,1.3,0.7,0.5,0.9,2.0,4.7
Jeff Ayres,2010,2016,,6-9,240,"April 29, 1987",Arizona State,Career,,,NBA,237,15,9.8,1.2,2.2,.553,0.0,0.0,.400,1.2,2.2,.554,.555,0.5,0.6,.776,0.8,1.8,2.7,0.4,0.2,0.3,0.6,1.5,2.9
Deandre Ayton,2019,2021,,6-11,250,"July 23, 1998",Arizona,Career,,,NBA,178,171,31.1,7.0,11.9,.588,0.0,0.2,.189,7.0,11.7,.595,.589,1.9,2.5,.756,3.4,7.3,10.6,1.7,0.7,1.2,1.7,2.9,16.0
Kelenna Azubuike,2007,2012,,6-5,220,"December 16, 1983",Kentucky,Career,,,NBA,208,84,24.2,3.9,8.4,.459,1.0,2.5,.409,2.8,5.9,.480,.519,1.8,2.3,.770,1.2,2.8,4.0,1.1,0.6,0.5,1.0,2.0,10.5
Udoka Azubuike,2021,2021,,6-10,280,"September 17, 1999",Kansas,Career,,,NBA,15,0,3.8,0.3,0.6,.444,0.0,0.0,,0.3,0.6,.444,.444,0.5,0.7,.800,0.3,0.6,0.9,0.0,0.1,0.3,0.2,0.6,1.1
