player,year_min,year_max,pos,height,weight,birth_date,colleges,season,age,team_id,lg_id,g,gs,mp_per_g,fg_per_g,fga_per_g,fg_pct,ft_per_g,fta_per_g,ft_pct,trb_per_g,ast_per_g,pf_per_g,pts_per_g,fg3_per_g,fg3a_per_g,fg3_pct,fg2_per_g,fg2a_per_g,fg2_pct,efg_pct,orb_per_g,drb_per_g,stl_per_g,blk_per_g,tov_per_g
Bill Gabor,1950,1955,,5-11,170,"May 13, 1922",Syracuse,Career,,,NBA,307,,19.4,3.5,10.2,.344,2.7,3.7,.737,1.8,2.0,3.4,9.8,,,,,,,,,,,,
Wenyen Gabriel,2020,2021,,6-9,205,"March 26, 1997",Kentucky,Career,,,NBA,51,1,9.3,0.9,2.1,.417,0.5,0.8,.667,2.1,0.4,1.4,2.6,0.4,1.0,.365,0.5,1.1,.464,.505,0.8,1.3,0.4,0.3,0.6
Dan Gadzuric,2003,2012,,6-11,240,"February 2, 1978",UCLA,Career,,,NBA,527,164,14.8,2.0,4.0,.500,0.7,1.4,.498,4.4,0.4,2.4,4.7,0.0,0.0,.000,2.0,4.0,.501,.500,1.7,2.7,0.5,0.9,0.7
Daniel Gafford,2020,2021,,6-10,234,"October 1, 1998",Arkansas,Career,,,NBA,97,18,14.4,2.6,3.7,.691,1.1,1.7,.619,3.5,0.5,2.0,6.2,0.0,0.0,,2.6,3.7,.691,.691,1.5,2.0,0.4,1.4,0.7
Deng Gai,2006,2006,,6-9,250,"March 22, 1982",Fairfield,Career,,,NBA,2,0,2.5,0.0,0.0,,0.0,0.0,,0.0,0.0,0.0,0.0,0.0,0.0,,0.0,0.0,,,0.0,0.0,0.0,0.0,0.0
Elmer Gainer,1948,1950,,6-6,195,"November 22, 1918",DePaul,Career,,,TOT,20,,,0.5,2.2,.227,0.5,0.7,.643,,0.5,1.8,1.5,,,,,,,,,,,,
Bill Gaines,1969,1969,,6-4,185,"March 10, 1946",East Texas State University,Career,,,ABA,1,,5.0,1.0,2.0,.500,0.0,0.0,,1.0,0.0,0.0,2.0,0.0,0.0,,1.0,2.0,.500,.500,1.0,0.0,,,1.0
Corey Gaines,1989,1995,,6-3,195,"June 1, 1965","UCLA, Loyola Marymount",Career,,,NBA,80,10,12.5,1.2,2.7,.424,0.7,0.9,.736,0.9,3.1,1.2,3.1,0.1,0.6,.229,1.0,2.1,.479,.449,0.2,0.7,0.5,0.1,0.9
Reece Gaines,2004,2006,,6-6,205,"January 7, 1981",Louisville,Career,,,NBA,71,1,8.5,0.7,2.1,.324,0.3,0.5,.606,0.7,0.7,0.6,1.7,0.1,0.4,.269,0.6,1.7,.336,.348,0.1,0.6,0.2,0.0,0.4
Smokey Gaines,1968,1968,,6-1,170,"February 27, 1940",LeMoyne-Owen College,Career,,,ABA,3,,12.0,1.3,5.3,.250,0.3,0.7,.500,3.3,0.0,1.3,3.3,0.3,0.3,1.000,1.0,5.0,.200,.281,,,,,0.0
Sundiata Gaines,2010,2012,,6-1,185,"April 18, 1986",Georgia,Career,,,NBA,113,12,11.6,1.6,4.1,.397,0.9,1.6,.562,1.5,1.8,0.9,4.5,0.4,1.3,.301,1.2,2.8,.442,.445,0.4,1.1,0.7,0.0,0.8
Mike Gale,1972,1982,,6-4,185,"July 18, 1950",Elizabeth City State University,Career,,,TOT,842,70,24.5,3.1,6.7,.464,1.1,1.5,.781,2.9,3.7,2.3,7.4,0.0,0.1,.187,3.1,6.6,.469,.466,0.8,2.1,1.8,0.5,1.7
Chad Gallagher,1994,1994,,6-10,255,"May 30, 1969",Creighton,Career,,,NBA,2,0,1.5,1.5,1.5,1.000,0.0,0.0,,0.0,0.0,1.0,3.0,0.0,0.0,,1.5,1.5,1.000,1.000,0.0,0.0,0.0,0.0,0.0
Harry Gallatin*,1949,1958,,6-6,210,"April 26, 1927",Truman State University,Career,,,TOT,682,,31.9,4.1,10.3,.398,4.7,6.1,.773,11.9,1.8,3.1,13.0,,,,,,,,,,,,
Gene Gallette,1947,1947,,6-2,205,"February 22, 1919",,Career,,,BAA,14,,,0.1,0.8,.091,0.4,0.6,.667,,0.1,0.9,0.6,,,,,,,,,,,,
Danilo Gallinari,2009,2021,,6-10,233,"August 8, 1988",,Career,,,NBA,662,545,30.4,4.8,11.3,.427,4.3,4.9,.876,4.8,2.0,1.8,15.9,2.0,5.2,.382,2.8,6.1,.465,.515,0.7,4.1,0.8,0.4,1.3
Langston Galloway,2015,2021,,6-1,200,"December 9, 1991",Saint Joseph's,Career,,,NBA,445,62,21.9,2.9,7.3,.398,0.9,1.1,.816,2.4,1.6,1.6,8.2,1.4,3.9,.370,1.5,3.5,.430,.496,0.5,2.0,0.7,0.1,0.6
Dave Gambee,1959,1970,,6-6,215,"April 16, 1937",Oregon State,Career,,,NBA,750,,19.6,3.8,8.9,.420,3.1,3.7,.822,5.2,1.0,2.9,10.6,,,,,,,,,,,,
Kevin Gamble,1988,1997,,6-5,210,"November 13, 1965",Iowa,Career,,,NBA,649,270,22.4,3.9,7.9,.502,1.2,1.5,.810,2.2,2.0,1.9,9.5,0.4,1.0,.360,3.6,6.9,.522,.524,0.6,1.7,0.7,0.3,0.9
Bob Gantt,1947,1947,,6-4,205,"June 22, 1922",Duke,Career,,,BAA,23,,,1.3,3.9,.326,0.6,1.2,.464,,0.2,2.0,3.1,,,,,,,,,,,,
Jorge Garbajosa,2007,2008,,6-9,245,"December 19, 1977",,Career,,,NBA,74,60,26.8,3.1,7.5,.415,0.8,1.1,.731,4.7,1.7,1.2,8.0,1.0,2.8,.344,2.1,4.7,.458,.480,0.7,4.0,1.1,0.2,0.9
Rubén Garcés,2001,2001,,6-9,245,"October 17, 1973",Providence,Career,,,NBA,13,0,5.6,0.5,1.7,.318,0.2,0.6,.250,2.2,0.4,1.1,1.2,0.0,0.0,,0.5,1.7,.318,.318,1.2,1.0,0.2,0.2,0.4
Alex Garcia,2004,2005,,6-3,220,"March 4, 1980",,Career,,,NBA,10,3,15.9,1.9,5.9,.322,0.4,0.6,.667,1.5,1.8,1.5,4.7,0.5,1.8,.278,1.4,4.1,.341,.364,0.7,0.8,0.6,0.1,0.9
Francisco García,2006,2015,,6-7,195,"December 31, 1981",Louisville,Career,,,NBA,549,137,21.6,2.8,6.7,.427,1.1,1.4,.799,2.6,1.4,2.2,7.9,1.1,3.0,.357,1.8,3.7,.484,.507,0.5,2.0,0.8,0.7,1.0
Chuck Gardner,1968,1968,,6-8,205,"September 30, 1944",Colorado,Career,,,ABA,42,,11.6,1.7,4.2,.406,1.3,1.9,.696,3.2,0.3,1.8,4.7,0.0,0.1,.000,1.7,4.1,.415,.406,,,,,1.2
Earl Gardner,1949,1949,,6-3,195,"September 18, 1923",DePauw University,Career,,,BAA,50,,,0.8,2.0,.376,0.3,0.6,.464,,0.4,1.0,1.8,,,,,,,,,,,,
Kenneth Gardner,1976,1976,,6-5,205,"September 27, 1949",Utah,Career,,,ABA,9,,5.7,0.7,2.0,.333,0.2,0.2,1.000,1.4,0.3,1.0,1.6,0.0,0.0,,0.7,2.0,.333,.333,0.9,0.6,0.2,0.1,0.1
Thomas Gardner,2008,2009,,6-5,225,"February 8, 1985",Missouri,Career,,,NBA,20,0,7.2,0.9,3.0,.305,0.1,0.3,.333,0.6,0.2,0.4,2.3,0.4,1.8,.200,0.6,1.2,.458,.364,0.2,0.4,0.2,0.1,0.4
Vern Gardner,1950,1952,,6-5,200,"May 14, 1925",Utah,Career,,,NBA,151,,18.8,3.4,9.9,.344,2.1,2.8,.748,4.0,1.6,2.9,8.9,,,,,,,,,,,,
Jack Garfinkel,1947,1949,,6-0,190,"June 13, 1918",St. John's,Career,,,BAA,92,,,2.3,8.2,.275,0.7,1.0,.705,,1.5,1.7,5.2,,,,,,,,,,,,
Patricio Garino,2017,2017,,6-6,210,"May 17, 1993",George Washington,Career,,,NBA,5,0,8.6,0.0,1.4,.000,0.0,0.0,,1.4,0.0,0.8,0.0,0.0,1.0,.000,0.0,0.4,.000,.000,0.2,1.2,0.0,0.0,0.6
Darius Garland,2020,2021,,6-1,192,"January 26, 2000",Vanderbilt,Career,,,NBA,113,109,32.0,5.7,13.3,.428,1.5,1.8,.858,2.1,4.9,1.8,14.8,1.9,5.0,.374,3.8,8.3,.460,.498,0.4,1.7,1.0,0.1,2.8
Gary Garland,1980,1980,,6-4,180,"October 12, 1957",DePaul,Career,,,NBA,78,,14.2,2.0,4.6,.435,0.2,0.3,.692,1.8,1.9,1.0,4.3,0.1,0.2,.316,1.9,4.3,.442,.444,0.6,1.1,0.7,0.1,0.9
Winston Garland,1988,1995,,6-2,170,"December 19, 1964",Missouri State University,Career,,,NBA,511,315,26.2,3.7,8.7,.430,1.8,2.1,.830,2.8,4.7,2.4,9.4,0.1,0.5,.281,3.6,8.2,.440,.438,0.8,2.0,1.3,0.2,1.9
Dick Garmaker,1956,1961,,6-3,200,"October 29, 1932",Minnesota,Career,,,NBA,421,,28.9,4.8,11.9,.403,3.7,4.7,.787,4.2,2.6,2.8,13.3,,,,,,,,,,,,
Bill Garner,1968,1968,,6-10,220,"June 17, 1940",University of Portland,Career,,,ABA,53,,9.7,0.5,1.9,.272,0.5,0.9,.500,2.2,0.5,1.9,1.5,0.0,0.0,.000,0.5,1.9,.275,.272,,,,,0.9
Chris Garner,1998,2001,,5-10,156,"February 2, 1975",Memphis,Career,,,NBA,46,0,9.6,0.7,2.3,.280,0.2,0.3,.615,0.8,1.4,1.5,1.6,0.1,0.5,.190,0.6,1.9,.302,.299,0.2,0.6,0.6,0.1,0.7
Bill Garnett,1983,1986,,6-9,225,"April 22, 1960",Wyoming,Career,,,NBA,300,62,17.5,1.9,3.9,.490,1.6,2.3,.720,4.3,1.3,2.8,5.5,0.0,0.0,.000,1.9,3.9,.494,.490,1.6,2.8,0.5,0.6,1.1
Kevin Garnett*,1996,2016,,6-11,240,"May 19, 1976",,Career,,,NBA,1462,1425,34.5,7.2,14.5,.497,3.3,4.2,.789,10.0,3.7,2.4,17.8,0.1,0.4,.275,7.1,14.0,.504,.501,2.2,7.8,1.3,1.4,2.2
Marlon Garnett,1999,1999,,6-2,186,"July 3, 1975",Santa Clara,Career,,,NBA,24,0,8.5,0.6,2.1,.294,0.6,0.8,.750,0.9,0.8,0.8,2.1,0.3,1.0,.261,0.4,1.2,.321,.353,0.1,0.8,0.2,0.0,0.5
Billy Garrett,2019,2019,,6-6,213,"October 16, 1994",DePaul,Career,,,NBA,4,0,15.8,2.8,6.8,.407,1.0,1.0,1.000,0.8,1.8,0.8,6.5,0.0,2.0,.000,2.8,4.8,.579,.407,0.0,0.8,0.3,0.3,0.5
Calvin Garrett,1981,1984,,6-7,190,"July 11, 1956","Austin Peay State University, Oral Roberts",Career,,,NBA,166,22,18.1,2.3,4.9,.457,0.6,0.8,.767,2.6,1.5,2.0,5.2,0.0,0.1,.300,2.2,4.8,.461,.461,0.8,1.8,0.6,0.1,1.0
Dean Garrett,1997,2002,,6-10,225,"November 27, 1966",Indiana,Career,,,NBA,359,210,19.4,2.0,4.2,.480,0.8,1.2,.677,5.0,0.6,1.9,4.8,0.0,0.0,,2.0,4.2,.480,.480,1.7,3.4,0.5,1.0,0.6
Diante Garrett,2013,2014,,6-4,190,"November 3, 1988",Iowa State,Career,,,NBA,90,0,13.3,1.3,3.5,.373,0.2,0.2,.682,1.2,1.7,0.9,3.2,0.4,1.2,.351,0.9,2.3,.384,.435,0.2,1.1,0.6,0.1,1.0
Dick Garrett,1970,1974,,6-3,185,"January 31, 1947",Southern Illinois,Career,,,NBA,339,,25.7,4.2,10.0,.423,1.8,2.1,.863,3.0,2.5,3.0,10.3,,,,,,,,0.4,0.6,0.3,0.0,
Rowland Garrett,1973,1977,,6-6,210,"July 16, 1950",Florida State,Career,,,NBA,263,,11.0,2.1,4.8,.441,0.8,1.0,.772,2.3,0.4,1.3,5.1,,,,,,,,0.8,1.5,0.3,0.2,
Tom Garrick,1989,1992,,6-2,185,"July 7, 1966",Rhode Island,Career,,,NBA,251,47,18.8,2.2,4.6,.469,1.1,1.4,.775,2.0,3.4,1.8,5.4,0.0,0.2,.083,2.1,4.4,.490,.471,0.5,1.5,1.1,0.1,1.4
John Garris,1984,1984,,6-8,205,"June 6, 1959","Michigan, Boston College",Career,,,NBA,33,1,8.1,1.6,3.1,.510,0.8,1.0,.794,2.3,0.3,1.2,4.0,0.0,0.0,,1.6,3.1,.510,.510,1.1,1.3,0.2,0.2,0.3
Kiwane Garris,1998,2000,,6-2,183,"September 24, 1974",Illinois,Career,,,NBA,31,0,8.0,0.8,2.4,.320,0.6,0.8,.760,0.6,1.0,0.7,2.3,0.2,0.5,.333,0.6,1.9,.317,.353,0.1,0.5,0.2,0.0,0.5
Pat Garrity,1999,2008,,6-9,238,"August 23, 1976",Notre Dame,Career,,,NBA,552,107,20.0,2.7,6.4,.417,0.8,1.0,.806,2.6,0.8,2.3,7.3,1.1,2.9,.398,1.5,3.5,.434,.506,0.6,2.0,0.4,0.2,0.8
Jim Garvin,1974,1974,,6-7,200,"February 5, 1950",Boston University,Career,,,NBA,6,,1.8,0.2,0.7,.250,0.0,0.0,,0.8,0.0,0.2,0.3,,,,,,,,0.2,0.7,0.0,0.0,
Marc Gasol,2009,2021,,6-11,255,"January 29, 1985",,Career,,,NBA,891,866,32.2,5.2,10.8,.481,3.2,4.1,.776,7.4,3.4,2.9,14.0,0.5,1.3,.360,4.7,9.5,.498,.503,1.6,5.8,0.9,1.4,2.0
Pau Gasol,2002,2019,,7-0,250,"July 6, 1980",,Career,,,NBA,1226,1150,33.4,6.5,12.8,.507,3.9,5.1,.753,9.2,3.2,2.1,17.0,0.1,0.4,.368,6.4,12.4,.512,.513,2.5,6.7,0.5,1.6,2.2
Frank Gates,1950,1950,,6-0,160,"April 12, 1920",Sam Houston State University,Career,,,NBA,64,,,1.8,6.3,.281,1.0,1.5,.622,,1.4,2.3,4.5,,,,,,,,,,,,
Chris Gatling,1992,2002,,6-10,220,"September 3, 1967",Old Dominion,Career,,,NBA,700,86,19.7,4.0,7.8,.513,2.2,3.4,.660,5.3,0.7,2.7,10.3,0.1,0.3,.249,3.9,7.5,.523,.517,1.8,3.6,0.7,0.5,1.5
Kenny Gattison,1987,1996,,6-8,225,"May 23, 1964",Old Dominion,Career,,,NBA,494,130,20.1,3.1,6.0,.520,1.7,2.6,.649,4.7,0.9,2.9,7.9,0.0,0.0,.083,3.1,6.0,.521,.520,1.5,3.2,0.6,0.7,1.2
Rudy Gay,2007,2021,,6-8,250,"August 17, 1986",UConn,Career,,,NBA,1009,778,32.4,6.3,14.0,.454,3.0,3.7,.799,5.8,2.1,2.3,16.8,1.1,3.1,.350,5.3,10.9,.483,.492,1.3,4.5,1.2,0.8,2.1
Ed Gayda,1951,1951,,6-4,210,"May 16, 1927",Washington State,Career,,,NBA,15,,,1.3,3.1,.413,1.2,1.6,.750,2.6,0.9,2.3,3.7,,,,,,,,,,,,
Andrew Gaze,1994,1999,,6-7,205,"July 24, 1965",Seton Hall,Career,,,NBA,26,0,4.9,0.6,1.6,.381,0.1,0.1,1.000,0.5,0.4,0.6,1.7,0.3,0.9,.375,0.3,0.7,.389,.488,0.1,0.3,0.2,0.1,0.3
Michael Gbinije,2017,2017,,6-7,200,"June 5, 1992","Duke, Syracuse",Career,,,NBA,9,0,3.6,0.1,1.1,.100,0.2,0.2,1.000,0.3,0.2,0.2,0.4,0.0,0.4,.000,0.1,0.7,.167,.100,0.2,0.1,0.0,0.0,0.0
Reggie Geary,1997,1998,,6-2,187,"August 31, 1973",Arizona,Career,,,NBA,101,2,9.2,0.8,2.2,.344,0.3,0.7,.493,0.8,1.1,1.3,2.1,0.2,0.6,.328,0.6,1.6,.349,.388,0.2,0.6,0.5,0.1,0.6
Alonzo Gee,2010,2017,,6-6,225,"May 29, 1987",Alabama,Career,,,NBA,417,213,21.8,2.4,5.5,.434,1.4,1.8,.754,3.3,1.1,1.9,6.6,0.4,1.4,.325,2.0,4.2,.469,.474,0.9,2.3,0.9,0.2,1.1
Matt Geiger,1993,2002,,7-0,243,"September 10, 1969","Auburn, Georgia Tech",Career,,,NBA,552,214,22.1,3.7,7.4,.499,1.7,2.4,.728,5.7,0.7,3.0,9.2,0.0,0.1,.232,3.7,7.3,.504,.501,2.1,3.6,0.6,0.6,1.3
Mickaël Gelabale,2007,2013,,6-7,215,"May 22, 1983",,Career,,,NBA,145,27,16.2,1.8,3.9,.470,0.7,0.9,.815,2.3,0.8,1.3,4.6,0.3,0.9,.316,1.5,2.9,.519,.508,0.7,1.5,0.3,0.2,0.6
Devean George,2000,2010,,6-8,220,"August 29, 1977",Augsburg College,Career,,,NBA,630,108,18.5,2.1,5.3,.392,0.8,1.0,.721,3.1,0.9,2.0,5.6,0.7,2.0,.343,1.4,3.4,.421,.456,0.9,2.3,0.7,0.4,0.7
Jack George,1954,1961,,6-2,190,"November 13, 1928",La Salle,Career,,,NBA,506,,31.3,3.8,10.3,.364,2.7,3.8,.704,4.2,4.3,2.5,10.2,,,,,,,,,,,,
Paul George,2011,2021,,6-8,220,"May 2, 1990",Fresno State,Career,,,NBA,706,658,33.5,6.9,15.7,.436,4.0,4.7,.847,6.4,3.5,2.7,20.2,2.5,6.5,.384,4.4,9.2,.473,.516,0.9,5.5,1.7,0.4,2.6
Tate George,1991,1995,,6-5,190,"May 29, 1968",UConn,Career,,,NBA,177,14,11.4,1.7,4.1,.414,0.8,1.0,.820,1.0,1.8,1.0,4.2,0.0,0.1,.071,1.7,4.0,.421,.415,0.4,0.6,0.4,0.1,0.9
Marcus Georges-Hunt,2017,2018,,6-5,216,"March 28, 1994",Georgia Tech,Career,,,NBA,47,0,5.8,0.5,1.2,.418,0.5,0.7,.710,0.5,0.2,0.8,1.6,0.1,0.4,.294,0.4,0.8,.474,.464,0.2,0.4,0.1,0.0,0.1
Gus Gerard,1975,1981,,6-8,200,"July 27, 1953",Virginia,Career,,,TOT,446,,17.8,3.5,7.9,.438,1.5,2.2,.696,4.1,1.3,2.2,8.4,0.0,0.1,.273,3.4,7.8,.439,.439,1.6,2.5,0.6,0.7,1.5
Derrick Gervin,1990,1991,,6-8,200,"March 28, 1963",Texas-San Antonio,Career,,,NBA,77,4,14.1,3.3,7.7,.435,2.0,2.6,.764,2.3,0.5,1.8,8.8,0.1,0.4,.226,3.2,7.3,.446,.441,0.9,1.4,0.5,0.3,0.7
George Gervin*,1973,1986,,6-7,180,"April 27, 1952",Eastern Michigan,Career,,,TOT,1060,377,33.6,9.8,19.4,.504,5.4,6.4,.841,5.3,2.6,3.1,25.1,0.1,0.6,.271,9.7,19.0,.509,.507,1.7,3.6,1.2,1.0,3.0
Gorham Getchell,1947,1947,,6-4,205,"August 14, 1920",Temple,Career,,,BAA,16,,,0.0,0.5,.000,0.3,0.3,1.000,,0.0,0.3,0.3,,,,,,,,,,,,
John Gianelli,1973,1980,,6-10,220,"June 10, 1950",University of the Pacific,Career,,,NBA,541,,25.2,3.3,7.1,.470,1.1,1.6,.702,5.9,1.5,2.3,7.8,0.0,0.0,,3.3,7.1,.470,.470,2.0,4.2,0.5,1.0,1.5
Dick Gibbs,1972,1976,,6-5,210,"December 20, 1948",Texas-El Paso,Career,,,NBA,333,,12.9,2.0,5.0,.402,1.2,1.5,.799,1.9,0.8,1.9,5.2,,,,,,,,0.8,1.1,0.3,0.2,
Daniel Gibson,2007,2013,,6-2,190,"February 27, 1986",Texas,Career,,,NBA,397,77,23.5,2.7,6.7,.402,1.0,1.3,.780,2.0,2.0,2.0,7.8,1.5,3.6,.407,1.2,3.1,.397,.512,0.4,1.6,0.6,0.2,0.9
Dee Gibson,1950,1950,,5-11,175,"August 25, 1923",Western Kentucky,Career,,,NBA,44,,,1.8,5.6,.314,2.9,4.0,.718,,2.9,2.6,6.4,,,,,,,,,,,,
Hoot Gibson,1950,1950,,6-5,198,"December 5, 1921",Creighton,Career,,,NBA,32,,,2.1,6.1,.344,1.3,2.0,.656,,1.2,3.3,5.5,,,,,,,,,,,,
Jonathan Gibson,2017,2018,,6-2,185,"November 8, 1987",New Mexico State,Career,,,NBA,21,0,12.9,2.3,5.6,.415,1.0,1.4,.724,1.2,1.4,1.2,6.7,1.0,2.7,.368,1.3,2.9,.459,.504,0.0,1.1,0.4,0.0,1.1
Mel Gibson,1964,1964,,6-3,180,"December 30, 1940",Western Carolina University,Career,,,NBA,9,,5.9,0.7,2.2,.300,0.1,0.2,.500,0.4,0.7,1.1,1.4,,,,,,,,,,,,
Mike Gibson,1984,1986,,6-10,205,"October 27, 1960",USC Upstate,Career,,,NBA,64,0,6.1,0.6,1.7,.387,0.3,0.4,.679,1.7,0.2,1.0,1.6,0.0,0.0,,0.6,1.7,.387,.387,0.7,1.0,0.2,0.2,0.3
Taj Gibson,2010,2021,,6-9,232,"June 24, 1985",USC,Career,,,NBA,844,443,24.9,3.9,7.5,.518,1.5,2.2,.710,6.2,1.0,2.5,9.3,0.0,0.2,.218,3.8,7.3,.524,.520,2.3,3.9,0.6,1.1,1.1
J.R. Giddens,2009,2010,,6-5,215,"February 13, 1985","Kansas, New Mexico",Career,,,NBA,38,1,6.5,0.8,1.7,.476,0.3,0.6,.565,1.4,0.3,0.8,1.9,0.0,0.3,.000,0.8,1.4,.566,.476,0.5,0.9,0.3,0.1,0.5
Trey Gilder,2010,2010,,6-9,185,"January 24, 1985","McNeese State University, Northwestern State University",Career,,,NBA,2,0,2.5,0.5,0.5,1.000,0.0,0.0,,0.5,0.0,0.0,1.0,0.0,0.0,,0.5,0.5,1.000,1.000,0.0,0.5,0.5,0.0,0.0
Harry Giles,2019,2021,,6-11,240,"April 22, 1998",Duke,Career,,,NBA,142,17,12.9,2.5,4.9,.511,0.8,1.2,.671,3.8,1.2,2.3,5.9,0.1,0.2,.258,2.5,4.7,.523,.517,1.0,2.8,0.4,0.4,1.0
Shai Gilgeous-Alexander,2019,2021,,6-6,180,"July 12, 1998",Kentucky,Career,,,NBA,187,178,30.9,5.9,12.3,.482,3.4,4.2,.805,4.3,3.8,1.9,16.3,1.1,3.0,.373,4.8,9.3,.517,.527,0.7,3.7,1.1,0.6,2.0
Anthony Gill,2021,2021,,6-7,230,"October 17, 1992","South Carolina, Virginia",Career,,,NBA,26,4,8.4,1.2,2.3,.500,0.5,0.6,.813,2.0,0.4,1.0,3.1,0.3,0.9,.292,0.9,1.4,.639,.558,0.6,1.3,0.4,0.2,0.3
Eddie Gill,2001,2009,,6-0,190,"August 16, 1978",Weber State,Career,,,NBA,187,9,10.9,1.0,2.7,.361,0.8,0.9,.847,1.1,1.2,1.1,3.1,0.3,1.1,.320,0.6,1.6,.388,.424,0.1,1.0,0.6,0.1,0.7
Kendall Gill,1991,2005,,6-5,195,"May 25, 1968",Illinois,Career,,,NBA,966,791,30.5,5.2,12.1,.434,2.5,3.4,.754,4.1,3.0,2.6,13.4,0.3,1.1,.300,4.9,11.0,.448,.448,1.3,2.8,1.6,0.4,1.8
Ben Gillery,1989,1989,,7-0,235,"September 19, 1965",Georgetown,Career,,,NBA,24,0,3.5,0.3,0.8,.316,0.5,1.0,.565,1.0,0.1,1.2,1.0,0.0,0.0,,0.3,0.8,.316,.316,0.3,0.7,0.1,0.2,0.2
Freddie Gillespie,2021,2021,,6-9,245,"June 14, 1997","Carleton College, Baylor",Career,,,NBA,20,2,19.6,2.2,4.2,.524,1.2,1.7,.697,4.9,0.5,2.2,5.6,0.0,0.0,,2.2,4.2,.524,.524,2.1,2.8,0.7,1.0,0.6
Jack Gillespie,1970,1970,,6-6,215,"October 1, 1947",Montana State,Career,,,ABA,2,,13.5,0.0,2.5,.000,1.0,1.0,1.000,3.5,0.0,1.5,1.0,0.0,0.0,,0.0,2.5,.000,.000,1.0,2.5,,,0.0
Armen Gilliam,1988,2000,,6-9,230,"May 28, 1964",UNLV,Career,,,NBA,929,527,28.4,5.2,10.7,.489,3.3,4.2,.776,6.9,1.2,2.2,13.7,0.0,0.0,.000,5.2,10.6,.490,.489,2.3,4.6,0.7,0.7,1.9
Herm Gilliam,1970,1977,,6-3,190,"May 5, 1946",Purdue,Career,,,NBA,578,,26.0,4.7,10.6,.441,1.5,1.9,.792,3.8,3.8,2.6,10.8,,,,,,,,0.9,2.2,1.3,0.2,
Artis Gilmore*,1972,1988,,7-2,240,"September 21, 1949","Gardner-Webb University, Jacksonville University",Career,,,TOT,1329,476,35.5,7.1,12.2,.582,4.6,6.6,.698,12.3,2.3,3.4,18.8,0.0,0.0,.150,7.1,12.1,.582,.582,3.6,8.7,0.6,2.4,3.1
Walt Gilmore,1971,1971,,6-6,225,"February 27, 1947",Fort Valley State University,Career,,,NBA,27,,9.7,0.9,2.0,.426,0.4,1.0,.462,2.7,0.4,1.8,2.1,,,,,,,,,,,,
Chuck Gilmur,1947,1951,,6-4,225,"August 13, 1922",Washington,Career,,,TOT,239,,,2.1,6.6,.325,1.5,2.5,.609,4.7,1.5,3.7,5.8,,,,,,,,,,,,
Manu Ginóbili,2003,2018,,6-6,205,"July 28, 1977",,Career,,,NBA,1057,349,25.4,4.3,9.7,.447,3.2,3.9,.827,3.5,3.8,2.1,13.3,1.4,3.8,.369,2.9,5.9,.498,.520,0.6,2.8,1.3,0.3,2.0
Gordan Giriček,2003,2008,,6-6,210,"June 20, 1977",,Career,,,NBA,384,191,23.0,3.7,8.4,.442,1.4,1.7,.823,2.5,1.5,2.0,9.6,0.8,2.0,.368,3.0,6.4,.465,.486,0.4,2.0,0.6,0.1,1.3
Jack Givens,1979,1980,,6-5,205,"September 21, 1956",Kentucky,Career,,,NBA,156,,16.7,2.7,6.6,.401,1.3,1.7,.791,2.9,0.9,1.6,6.7,0.0,0.0,.000,2.7,6.6,.402,.401,1.4,1.6,0.8,0.2,0.9
Mickell Gladness,2012,2012,,6-11,220,"July 26, 1986",Alabama A&M University,Career,,,NBA,26,7,9.7,1.0,2.3,.424,0.2,0.5,.500,2.2,0.2,1.2,2.2,0.0,0.0,,1.0,2.3,.424,.424,0.5,1.7,0.2,0.8,0.3
George Glamack,1949,1949,,6-6,225,"June 7, 1918",UNC,Career,,,BAA,11,,,2.7,11.0,.248,3.8,5.0,.764,,1.7,2.5,9.3,,,,,,,,,,,,
Gerald Glass,1991,1996,,6-5,221,"November 12, 1967","Delta State University, Ole Miss",Career,,,NBA,201,49,16.7,3.4,7.9,.433,0.8,1.2,.643,2.5,1.5,1.8,7.7,0.1,0.5,.236,3.3,7.3,.448,.442,1.1,1.4,0.6,0.3,0.9
Mike Glenn,1978,1987,,6-2,175,"September 10, 1955",Southern Illinois,Career,,,NBA,593,10,16.2,3.3,6.1,.542,1.0,1.1,.855,1.2,1.6,1.5,7.6,0.0,0.1,.286,3.3,6.0,.544,.543,0.3,0.9,0.5,0.1,0.7
Normie Glick,1950,1950,,6-7,190,"November 10, 1927",Loyola Marymount,Career,,,NBA,1,,,1.0,1.0,1.000,0.0,0.0,,,0.0,1.0,2.0,,,,,,,,,,,,
Georgi Glouchkov,1986,1986,,6-8,235,"January 10, 1960",,Career,,,NBA,49,16,15.8,1.7,4.3,.402,1.4,2.5,.574,3.3,0.7,2.5,4.9,0.0,0.0,1.000,1.7,4.2,.399,.404,0.6,2.7,0.5,0.5,1.6
Clarence Glover,1972,1972,,6-8,210,"November 1, 1947",Western Kentucky,Career,,,NBA,25,,4.8,1.0,2.2,.455,0.6,1.3,.469,1.8,0.2,1.0,2.6,,,,,,,,,,,,
Dion Glover,2000,2005,,6-5,228,"October 22, 1978",Georgia Tech,Career,,,NBA,294,105,20.9,3.1,7.6,.411,1.5,1.9,.756,3.1,1.5,1.7,8.2,0.5,1.6,.317,2.6,6.0,.436,.445,0.7,2.3,0.8,0.2,1.3
Andreas Glyniadakis,2007,2007,,7-1,280,"August 21, 1981",,Career,,,NBA,13,4,6.2,0.6,1.3,.471,0.1,0.2,.500,0.6,0.1,1.5,1.3,0.0,0.0,,0.6,1.3,.471,.471,0.2,0.5,0.0,0.0,0.7
Mike Gminski,1981,1994,,6-11,250,"August 3, 1959",Duke,Career,,,NBA,938,547,25.6,4.5,9.6,.465,2.7,3.2,.843,6.9,1.3,1.7,11.7,0.0,0.1,.122,4.5,9.6,.467,.465,2.2,4.7,0.5,1.1,1.5
Rudy Gobert,2014,2021,,7-1,258,"June 26, 1992",,Career,,,NBA,545,453,29.7,4.5,6.9,.645,3.1,4.9,.630,11.3,1.3,2.6,12.0,0.0,0.0,.000,4.5,6.9,.646,.645,3.3,8.0,0.7,2.2,1.6
Dan Godfread,1991,1992,,6-10,250,"June 14, 1967",University of Evansville,Career,,,NBA,11,0,2.0,0.5,1.1,.417,0.3,0.4,.750,0.2,0.0,0.5,1.2,0.0,0.1,.000,0.5,1.0,.455,.417,0.0,0.2,0.1,0.4,0.0
Tom Gola*,1956,1966,,6-6,205,"January 13, 1933",La Salle,Career,,,NBA,698,,32.3,4.2,9.9,.431,2.8,3.7,.760,8.0,4.2,3.9,11.3,,,,,,,,,,,,
Ben Goldfaden,1947,1947,,6-1,185,"September 6, 1913",George Washington,Career,,,BAA,2,,,0.0,1.0,.000,1.0,2.0,.500,,0.0,1.5,1.0,,,,,,,,,,,,
Anthony Goldwire,1996,2006,,6-1,182,"September 6, 1971",Houston,Career,,,NBA,266,72,18.6,2.2,5.4,.407,1.1,1.4,.792,1.3,2.8,1.5,6.3,0.8,2.0,.386,1.4,3.4,.419,.479,0.3,1.1,0.6,0.0,1.0
Ryan Gomes,2006,2014,,6-7,250,"September 1, 1982",Providence,Career,,,NBA,487,371,27.6,3.9,8.7,.445,1.7,2.1,.799,4.6,1.5,1.9,10.1,0.7,2.0,.349,3.2,6.8,.473,.484,1.3,3.3,0.7,0.2,1.1
Glen Gondrezick,1978,1983,,6-6,218,"August 30, 1955",UNLV,Career,,,NBA,435,2,17.3,2.3,4.8,.473,1.3,1.9,.724,4.5,1.4,2.5,5.8,0.0,0.0,.143,2.2,4.7,.475,.474,1.7,2.8,1.1,0.3,1.0
Grant Gondrezick,1987,1989,,6-5,205,"January 19, 1963",Pepperdine,Career,,,NBA,91,1,11.9,1.9,4.3,.438,1.1,1.6,.687,1.6,1.3,1.4,5.0,0.1,0.3,.250,1.8,4.0,.452,.447,0.7,0.9,0.4,0.1,0.8
Drew Gooden,2003,2016,,6-10,250,"September 24, 1981",Kansas,Career,,,NBA,790,500,25.5,4.3,9.4,.462,2.2,2.8,.760,7.1,1.1,2.5,11.0,0.1,0.4,.257,4.2,9.0,.471,.468,2.4,4.7,0.7,0.6,1.5
Gail Goodrich*,1966,1979,,6-1,170,"April 23, 1943",UCLA,Career,,,NBA,1031,,32.5,7.2,15.8,.456,4.2,5.2,.807,3.2,4.7,2.7,18.6,,,,,,,,1.1,1.6,1.3,0.2,2.5
Steve Goodrich,2001,2002,,6-10,220,"March 18, 1976",Princeton,Career,,,NBA,21,0,8.7,0.4,1.3,.321,0.2,0.4,.556,1.2,0.5,1.1,1.1,0.0,0.1,.333,0.4,1.2,.320,.339,0.4,0.9,0.1,0.1,0.5
Archie Goodwin,2014,2017,,6-5,200,"August 17, 1994",Kentucky,Career,,,NBA,165,15,14.5,2.2,5.2,.429,1.6,2.3,.700,2.0,1.2,1.2,6.3,0.3,1.2,.236,2.0,4.0,.484,.455,0.5,1.5,0.4,0.2,1.2
Brandon Goodwin,2019,2021,,6-0,180,"October 2, 1995","Central Florida, Florida Gulf Coast",Career,,,NBA,97,6,11.4,1.7,4.5,.381,0.7,0.9,.774,1.5,1.6,0.9,4.7,0.6,2.0,.306,1.1,2.5,.442,.450,0.2,1.3,0.3,0.0,0.7
Pop Goodwin,1947,1948,,6-2,203,"December 22, 1920",,Career,,,BAA,79,,,1.7,6.4,.266,1.0,1.3,.775,,0.3,1.6,4.4,,,,,,,,,,,,
Aaron Gordon,2015,2021,,6-8,235,"September 16, 1995",Arizona,Career,,,NBA,453,364,28.5,4.8,10.7,.450,2.0,2.9,.695,6.3,2.5,2.0,12.7,1.1,3.4,.321,3.7,7.2,.511,.501,1.6,4.8,0.8,0.6,1.5
Ben Gordon,2005,2015,,6-3,200,"April 4, 1983",UConn,Career,,,NBA,744,269,27.4,5.3,12.2,.432,2.8,3.2,.857,2.5,2.5,2.3,14.9,1.6,3.9,.401,3.7,8.3,.447,.497,0.4,2.0,0.7,0.2,2.1
Drew Gordon,2015,2015,,6-9,245,"July 12, 1990","UCLA, New Mexico",Career,,,NBA,9,0,7.9,0.9,2.1,.421,0.1,0.2,.500,2.0,0.2,0.8,1.9,0.0,0.3,.000,0.9,1.8,.500,.421,0.8,1.2,0.1,0.0,0.9
Eric Gordon,2009,2021,,6-3,215,"December 25, 1988",Indiana,Career,,,NBA,692,524,32.6,5.6,13.3,.425,3.0,3.7,.812,2.5,2.8,2.0,16.6,2.3,6.4,.368,3.3,6.9,.478,.514,0.4,2.0,0.9,0.3,2.0
Lancaster Gordon,1985,1988,,6-3,185,"June 24, 1962",Louisville,Career,,,NBA,201,6,12.8,2.3,6.0,.391,0.8,1.0,.767,1.3,1.5,1.3,5.6,0.1,0.4,.271,2.2,5.6,.400,.400,0.6,0.7,0.6,0.2,1.2
Paul Gordon,1950,1950,,6-3,185,"April 8, 1927",Notre Dame,Career,,,NBA,4,,,0.0,1.5,.000,0.8,1.3,.600,,0.8,0.8,0.8,,,,,,,,,,,,
Marcin Gortat,2008,2019,,6-11,240,"February 17, 1984",,Career,,,NBA,806,587,25.7,4.2,7.7,.551,1.4,2.1,.680,7.9,1.1,2.2,9.9,0.0,0.0,.150,4.2,7.6,.553,.552,2.2,5.8,0.5,1.1,1.2
Leo Gottlieb,1947,1948,,5-11,180,"November 28, 1920",,Career,,,BAA,84,,,2.5,8.6,.288,0.6,0.9,.645,,0.4,1.3,5.5,,,,,,,,,,,,
Andrew Goudelock,2012,2016,,6-3,200,"December 7, 1988",College of Charleston,Career,,,NBA,49,0,9.7,1.6,4.0,.393,0.3,0.3,.875,0.7,0.5,0.7,4.0,0.6,1.7,.345,1.0,2.3,.429,.467,0.1,0.6,0.2,0.0,0.6
Gerald Govan,1968,1976,,6-10,220,"January 2, 1942",Saint Mary of the Plains College,Career,,,ABA,681,,33.7,3.1,7.8,.405,1.4,2.1,.678,10.5,3.2,3.0,7.7,0.0,0.0,.208,3.1,7.7,.406,.406,2.6,8.2,0.7,0.5,2.4
Bato Govedarica,1954,1954,,5-11,185,"April 17, 1928",DePaul,Career,,,NBA,23,,11.2,1.1,3.4,.316,1.1,1.6,.676,0.8,1.0,1.9,3.3,,,,,,,,,,,,
Joe Graboski,1949,1962,,6-7,195,"January 15, 1930",,Career,,,TOT,845,,30.5,4.1,11.6,.352,2.9,4.1,.700,8.1,1.8,3.1,11.0,,,,,,,,,,,,
Ricky Grace,1994,1994,,6-1,180,"August 20, 1967","Midland College, Oklahoma",Career,,,NBA,3,0,2.7,0.7,1.0,.667,0.0,0.7,.000,0.3,0.3,1.0,1.3,0.0,0.0,,0.7,1.0,.667,.667,0.0,0.3,0.0,0.0,0.0
Calvin Graham,1968,1968,,6-2,195,"June 7, 1944",Gannon University,Career,,,ABA,8,,6.5,0.5,1.8,.286,0.6,1.0,.625,1.3,0.0,1.5,1.6,0.0,0.0,,0.5,1.8,.286,.286,,,,,0.1
Devonte' Graham,2019,2021,,6-1,195,"February 22, 1995",Kansas,Career,,,NBA,164,100,27.7,4.2,11.3,.376,2.2,2.7,.822,2.6,5.4,1.5,13.3,2.6,7.2,.364,1.6,4.1,.395,.492,0.5,2.1,0.8,0.1,1.8
Greg Graham,1994,1998,,6-4,174,"November 26, 1970",Indiana,Career,,,NBA,207,18,12.2,1.6,3.9,.407,1.1,1.4,.775,1.1,1.0,1.0,4.5,0.2,0.8,.290,1.4,3.1,.438,.437,0.3,0.8,0.6,0.1,0.9
Joey Graham,2006,2011,,6-7,225,"June 11, 1982","Central Florida, Oklahoma State",Career,,,NBA,377,84,16.2,2.3,4.7,.483,1.2,1.5,.815,2.8,0.5,2.1,5.9,0.1,0.5,.300,2.1,4.2,.503,.498,0.7,2.1,0.4,0.1,0.8
Mal Graham,1968,1969,,6-1,185,"February 23, 1945",NYU,Career,,,NBA,70,,12.7,1.9,4.7,.398,1.0,1.5,.657,1.7,1.1,2.1,4.7,,,,,,,,,,,,
Orlando Graham,1989,1989,,6-8,220,"May 5, 1965","West Texas A&M University, Auburn University at Montgomery",Career,,,NBA,7,0,3.1,0.4,1.4,.300,0.3,0.6,.500,1.6,0.0,0.9,1.1,0.0,0.0,,0.4,1.4,.300,.300,1.1,0.4,0.0,0.0,0.3
Paul Graham,1992,1994,,6-6,200,"November 28, 1967",Ohio University,Career,,,NBA,179,20,18.7,3.3,7.3,.448,1.3,1.8,.739,2.4,2.0,2.2,8.4,0.6,1.6,.339,2.7,5.6,.480,.487,0.8,1.7,1.0,0.2,1.2
Stephen Graham,2006,2011,,6-6,215,"June 11, 1982","Central Florida, Oklahoma State",Career,,,NBA,239,43,12.2,1.6,3.5,.446,0.7,0.9,.766,1.8,0.5,1.5,4.0,0.2,0.7,.308,1.4,2.8,.481,.477,0.3,1.5,0.2,0.1,0.6
Treveon Graham,2017,2020,,6-5,219,"October 28, 1993",VCU,Career,,,NBA,180,44,16.0,1.5,3.9,.383,0.6,0.8,.691,2.2,0.8,1.7,4.2,0.7,2.0,.333,0.8,1.9,.437,.470,0.7,1.6,0.4,0.1,0.4
Jim Grandholm,1991,1991,,7-0,235,"October 4, 1960","Florida, South Florida",Career,,,NBA,26,0,6.5,1.2,2.2,.517,0.4,0.8,.476,1.9,0.3,1.3,3.0,0.3,0.7,.529,0.8,1.6,.512,.595,0.8,1.2,0.1,0.3,0.4
Ron Grandison,1989,1996,,6-6,215,"July 9, 1964","University of California, Irvine, New Orleans",Career,,,NBA,105,3,8.3,0.8,2.0,.404,0.8,1.1,.713,1.6,0.6,1.0,2.4,0.0,0.2,.167,0.8,1.8,.435,.413,0.7,0.9,0.3,0.1,0.5
Danny Granger,2006,2015,,6-9,222,"April 20, 1983","Bradley, New Mexico",Career,,,NBA,586,431,31.5,5.7,13.1,.434,3.7,4.4,.848,4.9,1.9,2.8,16.8,1.7,4.5,.380,4.0,8.6,.463,.500,1.2,3.8,1.0,0.8,1.9
Stewart Granger,1984,1987,,6-3,190,"October 27, 1961",Villanova,Career,,,NBA,80,14,12.5,1.5,3.7,.414,0.8,1.1,.742,1.0,2.2,1.6,4.0,0.1,0.2,.235,1.5,3.5,.425,.421,0.2,0.8,0.4,0.0,1.1
Brian Grant,1995,2006,,6-9,254,"March 5, 1972",Xavier,Career,,,NBA,756,577,28.3,4.1,8.4,.490,2.3,3.1,.746,7.4,1.2,3.2,10.5,0.0,0.0,.214,4.1,8.3,.491,.491,2.4,5.0,0.6,0.7,1.6
Bud Grant,1950,1951,,6-3,195,"May 20, 1927",Minnesota,Career,,,NBA,96,,,1.0,3.1,.318,0.6,1.0,.590,1.9,0.9,1.5,2.6,,,,,,,,,,,,
Gary Grant,1989,2001,,6-3,185,"April 21, 1965",Michigan,Career,,,NBA,552,231,22.8,3.4,7.5,.450,1.0,1.3,.776,2.3,5.5,2.2,7.9,0.2,0.6,.278,3.2,6.9,.466,.462,0.6,1.7,1.5,0.1,2.3
Greg Grant,1990,1996,,5-7,140,"August 29, 1966",Trenton State University,Career,,,NBA,274,5,12.2,1.1,3.0,.383,0.4,0.5,.710,0.9,2.7,1.0,2.8,0.1,0.5,.281,1.0,2.5,.405,.408,0.2,0.7,0.6,0.0,0.8
Harvey Grant,1989,1999,,6-8,195,"July 4, 1965","Clemson, Oklahoma",Career,,,NBA,783,439,26.2,4.3,9.1,.469,1.3,1.8,.709,4.4,1.6,2.3,9.9,0.1,0.3,.267,4.2,8.8,.476,.473,1.5,2.9,0.8,0.5,0.9
Horace Grant,1988,2004,,6-10,215,"July 4, 1965",Clemson,Career,,,NBA,1165,1037,33.2,4.7,9.2,.509,1.8,2.6,.692,8.1,2.2,2.4,11.2,0.0,0.1,.063,4.7,9.1,.511,.509,3.0,5.1,1.0,1.0,1.1
Jerami Grant,2015,2021,,6-8,210,"March 12, 1994",Syracuse,Career,,,NBA,508,223,25.5,3.7,8.1,.457,2.3,3.3,.705,3.9,1.3,2.3,10.7,1.0,2.8,.347,2.7,5.4,.513,.516,0.9,3.0,0.6,1.1,1.0
Jerian Grant,2016,2020,,6-4,205,"October 9, 1992",Notre Dame,Career,,,NBA,279,61,17.9,2.1,5.2,.411,1.2,1.5,.770,1.9,2.9,1.5,6.1,0.6,1.9,.323,1.5,3.2,.464,.472,0.3,1.6,0.7,0.1,1.0
Josh Grant,1994,1994,,6-9,223,"August 7, 1967",Utah,Career,,,NBA,53,0,7.2,1.1,2.8,.404,0.4,0.5,.759,1.7,0.5,1.2,3.0,0.3,1.2,.279,0.8,1.6,.494,.462,0.5,1.2,0.3,0.2,0.6
Paul Grant,1999,2004,,7-0,245,"January 6, 1974","Boston College, Wisconsin",Career,,,NBA,16,0,6.9,0.8,1.8,.448,0.2,0.5,.375,1.1,0.2,1.3,1.8,0.0,0.0,,0.8,1.8,.448,.448,0.5,0.6,0.1,0.1,0.6
Travis Grant,1973,1976,,6-7,215,"January 1, 1950",Kentucky State University,Career,,,TOT,201,,21.4,5.9,11.2,.524,2.0,2.4,.811,4.1,1.0,2.0,13.8,0.0,0.0,.333,5.9,11.2,.525,.525,1.7,2.9,0.6,0.3,1.6
Donte Grantham,2019,2019,,6-8,215,"March 19, 1995",Clemson,Career,,,NBA,3,0,0.7,0.0,0.7,.000,0.0,0.0,,0.0,0.0,0.0,0.0,0.0,0.7,.000,0.0,0.0,,.000,0.0,0.0,0.0,0.0,0.0
Don Grate,1950,1950,,6-2,185,"August 27, 1923",Ohio State,Career,,,NBA,2,,,0.5,3.0,.167,1.0,1.0,1.000,,1.5,1.5,2.0,,,,,,,,,,,,
Butch Graves,1985,1985,,6-3,200,"January 5, 1962",Yale,Career,,,NBA,4,0,2.8,0.5,1.5,.333,0.3,1.3,.200,0.5,0.3,1.0,1.3,0.0,0.3,.000,0.5,1.3,.400,.333,0.0,0.5,0.3,0.0,0.3
Aaron Gray,2008,2014,,7-0,270,"December 7, 1984",Pitt,Career,,,NBA,318,87,12.1,1.4,2.7,.509,0.6,1.0,.562,3.7,0.7,2.1,3.4,0.0,0.0,.000,1.4,2.7,.511,.509,1.4,2.4,0.3,0.3,0.8
Devin Gray,1997,2000,,6-7,240,"May 31, 1972",Clemson,Career,,,NBA,27,2,6.4,0.9,2.3,.365,0.8,1.3,.618,1.4,0.3,1.2,2.5,0.0,0.0,,0.9,2.3,.365,.365,0.6,0.8,0.3,0.1,0.3
Ed Gray,1998,1999,,6-3,210,"September 27, 1975","Tennessee, California",Career,,,NBA,60,6,13.5,2.2,6.4,.339,1.4,1.7,.814,1.2,0.8,1.7,6.2,0.5,1.5,.341,1.7,4.9,.338,.378,0.3,1.0,0.5,0.2,1.0
Evric Gray,1997,1997,,6-7,235,"December 13, 1969",UNLV,Career,,,NBA,5,0,8.4,0.8,3.0,.267,0.8,0.8,1.000,0.6,0.4,1.0,2.6,0.2,0.8,.250,0.6,2.2,.273,.300,0.2,0.4,0.2,0.0,0.6
Gary Gray,1968,1968,,6-1,185,"February 23, 1945",Oklahoma City University,Career,,,NBA,44,,6.3,1.1,3.0,.366,0.2,0.2,.700,0.5,0.6,1.1,2.4,,,,,,,,,,,,
Josh Gray,2018,2020,,6-0,180,"September 9, 1993",LSU,Career,,,NBA,7,0,15.6,1.7,6.1,.279,1.0,1.6,.636,1.7,2.0,1.3,4.9,0.4,1.9,.231,1.3,4.3,.300,.314,0.4,1.3,1.1,0.3,1.7
Leonard Gray,1975,1977,,6-8,240,"December 19, 1951",Cal State Long Beach,Career,,,NBA,224,,27.0,4.6,9.8,.469,1.6,2.1,.739,5.2,2.2,3.7,10.8,,,,,,,,1.5,3.8,0.9,0.4,
Stuart Gray,1985,1991,,7-0,235,"May 27, 1963",UCLA,Career,,,NBA,386,5,9.0,0.9,2.0,.446,0.6,0.9,.663,2.6,0.4,1.7,2.3,0.0,0.0,.000,0.9,1.9,.450,.446,0.8,1.8,0.2,0.3,0.6
Sylvester Gray,1989,1989,,6-6,230,"July 8, 1967",Memphis,Career,,,NBA,55,15,22.2,3.0,7.2,.420,1.9,2.8,.673,5.2,2.1,2.6,8.0,0.0,0.1,.250,3.0,7.2,.421,.421,2.1,3.1,0.7,0.5,1.9
Wyndol Gray,1947,1948,,6-1,175,"March 20, 1922",Harvard University,Career,,,BAA,67,,,2.2,7.7,.283,1.1,1.9,.570,,0.7,1.8,5.4,,,,,,,,,,,,
Jeff Grayer,1989,1998,,6-5,200,"December 17, 1965",Iowa State,Career,,,NBA,438,101,18.9,3.1,6.7,.457,1.3,1.9,.663,3.0,1.4,1.7,7.4,0.1,0.3,.255,3.0,6.4,.467,.463,1.3,1.6,0.6,0.1,1.1
Bob Greacen,1970,1972,,6-7,206,"September 15, 1947",Rutgers University,Career,,,TOT,47,,7.6,1.0,2.6,.374,0.4,0.7,.600,1.4,0.9,1.2,2.4,0.0,0.0,,1.0,2.6,.374,.374,0.3,0.3,,,0.5
A.C. Green,1986,2001,,6-9,220,"October 4, 1963",Oregon State,Career,,,NBA,1278,832,28.6,3.6,7.2,.494,2.4,3.3,.734,7.4,1.1,1.9,9.6,0.1,0.4,.254,3.5,6.8,.507,.501,2.6,4.8,0.8,0.4,1.1
Danny Green,2010,2021,,6-6,215,"June 22, 1987",UNC,Career,,,NBA,757,681,25.6,3.2,7.5,.422,0.7,0.9,.805,3.5,1.6,1.8,9.0,1.9,4.8,.401,1.2,2.7,.461,.551,0.6,2.9,1.0,0.8,1.0
Devin Green,2006,2006,,6-7,210,"October 25, 1982",Hampton,Career,,,NBA,27,0,5.0,0.2,1.0,.214,0.5,0.8,.619,0.9,0.3,0.5,0.9,0.0,0.1,.000,0.2,1.0,.231,.214,0.4,0.5,0.1,0.0,0.2
Draymond Green,2013,2021,,6-6,230,"March 4, 1990",Michigan State,Career,,,NBA,639,491,28.5,3.2,7.3,.436,1.5,2.1,.715,6.9,5.3,2.8,8.8,0.9,2.8,.316,2.3,4.6,.509,.496,1.1,5.8,1.4,1.0,2.2
Erick Green,2015,2016,,6-4,185,"May 9, 1991",Virginia Tech,Career,,,NBA,52,1,8.7,1.3,3.4,.377,0.2,0.3,.857,0.7,0.8,0.6,3.1,0.3,1.0,.288,1.0,2.4,.415,.420,0.2,0.5,0.3,0.0,0.3
Gerald Green,2006,2019,,6-6,205,"January 26, 1986",,Career,,,NBA,658,118,19.8,3.5,8.4,.417,1.3,1.5,.818,2.5,0.9,1.9,9.7,1.5,4.1,.361,2.1,4.4,.469,.504,0.5,2.0,0.5,0.3,1.1
JaMychal Green,2015,2021,,6-8,227,"June 21, 1990",Alabama,Career,,,NBA,420,157,21.6,3.1,6.5,.470,1.2,1.5,.772,6.0,0.9,2.7,8.1,0.8,2.2,.380,2.2,4.3,.517,.535,1.8,4.2,0.5,0.4,1.1
Javonte Green,2020,2021,,6-4,205,"July 23, 1993",Radford,Career,,,NBA,89,4,10.6,1.3,2.6,.509,0.7,0.9,.707,1.8,0.5,1.0,3.5,0.2,0.7,.302,1.1,1.9,.588,.550,0.6,1.3,0.6,0.2,0.5
Jeff Green,2008,2021,,6-8,235,"August 28, 1986",Georgetown,Career,,,NBA,976,583,29.3,4.6,10.5,.444,2.5,3.1,.804,4.4,1.6,2.2,12.8,1.1,3.1,.340,3.6,7.3,.489,.495,0.9,3.5,0.7,0.5,1.4
Johnny Green,1960,1973,,6-5,200,"December 8, 1933",Michigan State,Career,,,NBA,1057,,23.3,4.7,9.5,.493,2.2,4.0,.553,8.6,1.4,2.7,11.6,,,,,,,,,,,,
Josh Green,2021,2021,,6-5,200,"November 16, 2000",Arizona,Career,,,NBA,39,5,11.4,1.1,2.4,.452,0.3,0.6,.565,2.0,0.7,0.9,2.6,0.1,0.6,.160,1.0,1.7,.559,.473,0.7,1.3,0.4,0.1,0.4
Ken Green,1986,1986,,6-8,215,"September 19, 1959",University of Texas-Pan American,Career,,,NBA,7,0,10.3,1.9,3.9,.481,0.7,1.3,.556,3.9,0.3,1.1,4.4,0.0,0.0,,1.9,3.9,.481,.481,1.7,2.1,0.6,0.0,0.1
Kenny Green,1986,1987,,6-6,210,"October 11, 1964",Wake Forest,Career,,,NBA,60,0,10.4,1.8,4.4,.412,0.8,1.1,.721,1.7,0.3,1.0,4.4,0.0,0.0,.000,1.8,4.4,.414,.412,0.6,1.1,0.2,0.2,0.8
Lamar Green,1970,1975,,6-7,210,"March 22, 1947",Morehead State University,Career,,,TOT,411,,17.8,2.2,5.1,.430,0.8,1.3,.660,6.2,0.8,2.5,5.2,0.0,0.0,,2.2,5.1,.430,.430,1.4,3.7,0.4,0.5,1.2
Litterial Green,1993,1999,,6-1,185,"March 7, 1970",Georgia,Career,,,NBA,148,4,8.0,1.0,2.3,.420,0.9,1.4,.665,0.5,1.2,0.8,2.9,0.0,0.2,.077,1.0,2.1,.448,.423,0.2,0.3,0.3,0.0,0.5
Luther Green,1970,1973,,6-7,190,"November 13, 1946",Long Island University,Career,,,TOT,90,,10.4,1.7,4.5,.383,0.8,1.7,.507,3.6,0.3,1.5,4.3,0.0,0.1,.000,1.7,4.4,.390,.383,1.4,2.4,,,0.9
Mike Green,1974,1980,,6-10,200,"August 6, 1951",Louisiana Tech,Career,,,TOT,459,,24.7,4.7,9.9,.480,2.1,2.8,.732,6.9,1.3,2.9,11.5,0.0,0.1,.083,4.7,9.9,.481,.480,2.6,4.3,0.7,1.6,1.8
Rickey Green,1978,1992,,6-0,170,"August 18, 1954",Michigan,Career,,,NBA,946,513,24.6,3.8,8.1,.469,1.7,2.2,.807,1.9,5.5,1.5,9.4,0.0,0.2,.207,3.8,7.9,.475,.471,0.5,1.4,1.4,0.1,1.7
Sean Green,1992,1994,,6-5,210,"February 2, 1970","NC State, Iona College",Career,,,NBA,84,0,8.0,1.8,4.7,.386,0.4,0.6,.620,1.0,0.5,0.8,4.2,0.2,0.7,.246,1.6,4.0,.412,.405,0.4,0.6,0.4,0.2,0.8
Si Green,1957,1966,,6-2,185,"August 20, 1933",Duquesne,Career,,,NBA,504,,26.1,3.4,8.9,.387,2.3,3.4,.676,4.3,3.3,2.8,9.2,,,,,,,,,,,,
Sidney Green,1984,1993,,6-9,220,"January 4, 1961",UNLV,Career,,,NBA,679,242,19.5,2.9,6.5,.454,1.6,2.2,.738,6.1,0.9,2.6,7.5,0.0,0.0,.037,2.9,6.4,.457,.455,1.9,4.2,0.5,0.3,1.5
Steve Green,1976,1979,,6-7,220,"October 4, 1953",Indiana,Career,,,TOT,205,,13.2,2.3,5.3,.441,1.1,1.5,.730,2.4,0.8,2.0,5.8,0.0,0.1,.000,2.3,5.2,.443,.441,1.1,1.4,0.5,0.1,0.8
Taurean Green,2008,2008,,6-0,177,"November 28, 1986",Florida,Career,,,NBA,17,0,4.4,0.4,1.5,.280,0.6,0.7,.917,0.6,0.6,0.3,1.6,0.1,0.6,.182,0.3,0.8,.357,.320,0.0,0.6,0.1,0.0,0.5
Tommie Green,1979,1979,,6-2,185,"April 8, 1956",Southern University and A&M College,Career,,,NBA,59,,13.7,1.6,4.0,.388,0.8,1.1,.762,1.2,2.4,1.9,3.9,,,,,,,,0.3,0.8,1.0,0.1,1.5
Willie Green,2004,2015,,6-4,200,"July 28, 1981",Detroit Mercy,Career,,,NBA,731,297,20.2,3.3,7.8,.425,1.0,1.3,.765,1.8,1.4,1.7,8.3,0.7,2.0,.346,2.6,5.7,.454,.471,0.3,1.5,0.5,0.1,1.0
Donté Greene,2009,2012,,6-11,226,"February 21, 1988",Syracuse,Career,,,NBA,253,82,16.8,2.3,5.7,.406,0.8,1.2,.701,2.4,0.7,1.5,6.1,0.7,2.1,.304,1.7,3.6,.467,.463,0.6,1.8,0.4,0.5,0.9
Orien Greene,2006,2011,,6-4,208,"February 4, 1982","Florida, Louisiana",Career,,,NBA,131,7,11.9,1.0,2.5,.387,0.5,0.7,.642,1.5,1.2,1.7,2.5,0.1,0.4,.212,0.9,2.1,.420,.404,0.4,1.1,0.7,0.1,1.1
Jerry Greenspan,1964,1965,,6-5,195,"November 22, 1941",Maryland,Career,,,NBA,25,,13.2,1.6,4.1,.388,1.7,2.3,.724,3.3,0.4,2.6,4.9,,,,,,,,,,,,
Dave Greenwood,1980,1991,,6-9,222,"May 27, 1957",UCLA,Career,,,NBA,823,418,28.4,4.0,8.3,.477,2.3,3.1,.765,7.9,2.0,3.2,10.2,0.0,0.0,.138,3.9,8.2,.479,.478,2.3,5.6,0.7,0.9,1.8
Hal Greer*,1959,1973,,6-2,175,"June 26, 1936",Marshall,Career,,,NBA,1122,,35.5,7.6,16.8,.452,4.1,5.1,.801,5.0,4.0,3.4,19.2,,,,,,,,,,,,
Lynn Greer,2007,2007,,6-2,175,"October 23, 1979",Temple,Career,,,NBA,41,0,10.5,1.5,3.4,.433,0.7,0.8,.844,0.7,1.3,0.8,4.1,0.4,1.3,.346,1.0,2.2,.483,.496,0.0,0.6,0.4,0.0,0.4
Gary Gregor,1969,1974,,6-7,225,"August 13, 1945",South Carolina,Career,,,TOT,361,,23.0,3.9,9.0,.436,1.1,1.5,.725,6.3,1.3,2.4,8.9,0.0,0.1,.750,3.9,9.0,.435,.436,1.0,2.4,0.2,0.0,0.8
Claude Gregory,1986,1988,,6-8,205,"December 26, 1958",Wisconsin,Career,,,NBA,25,2,12.6,2.5,5.4,.456,0.5,1.4,.333,3.9,0.6,1.5,5.4,0.0,0.0,.000,2.5,5.4,.459,.456,1.6,2.3,0.4,0.5,1.0
John Greig,1983,1983,,6-7,215,"April 28, 1961",Oregon,Career,,,NBA,9,0,2.9,0.8,1.4,.538,0.6,0.7,.833,0.7,0.0,0.4,2.1,0.0,0.0,,0.8,1.4,.538,.538,0.2,0.4,0.0,0.1,0.2
Norm Grekin,1954,1954,,6-5,180,"June 22, 1930",La Salle,Career,,,NBA,1,,1.0,0.0,0.0,,0.0,0.0,,0.0,0.0,1.0,0.0,,,,,,,,,,,,
Kevin Grevey,1976,1985,,6-5,210,"May 12, 1953",Kentucky,Career,,,NBA,672,82,22.7,4.3,9.9,.437,2.1,2.5,.817,2.4,1.9,1.9,11.0,0.4,1.1,.334,4.1,9.3,.444,.448,0.9,1.5,0.6,0.2,1.4
Dennis Grey,1969,1970,,6-8,215,"August 26, 1947",California Western Uiversity,Career,,,ABA,62,,22.4,3.1,7.5,.410,2.6,4.9,.536,5.6,0.8,3.4,8.8,0.0,0.0,.000,3.1,7.5,.411,.410,2.0,3.6,,,2.1
Adrian Griffin,2000,2008,,6-5,217,"July 4, 1974",Seton Hall,Career,,,NBA,477,179,16.8,1.6,3.8,.438,0.6,0.8,.763,3.2,1.4,1.8,4.0,0.1,0.4,.278,1.5,3.4,.455,.452,1.1,2.1,0.9,0.1,0.7
Blake Griffin,2011,2021,,6-10,250,"March 16, 1989",Oklahoma,Career,,,NBA,668,652,34.2,7.8,15.8,.495,4.6,6.6,.696,8.6,4.3,2.8,20.9,0.7,2.1,.334,7.1,13.6,.521,.518,2.1,6.5,0.9,0.5,2.5
Eddie Griffin,2002,2007,,6-10,220,"May 30, 1982",Seton Hall,Career,,,NBA,303,117,22.2,2.8,7.5,.377,0.7,1.1,.671,5.8,0.8,1.7,7.2,0.8,2.5,.315,2.0,5.0,.408,.430,1.6,4.1,0.3,1.7,0.7
Greg Griffin,1978,1978,,6-7,190,"September 6, 1952",Idaho State University,Career,,,NBA,36,,11.7,1.7,4.7,.361,0.6,1.0,.639,2.9,0.7,1.6,4.0,,,,,,,,1.2,1.6,0.4,0.0,1.1
Paul Griffin,1977,1983,,6-9,205,"January 20, 1954",Western Michigan,Career,,,NBA,480,0,20.9,1.7,3.5,.505,1.6,2.3,.692,5.5,2.3,2.9,5.1,0.0,0.0,,1.7,3.5,.505,.505,1.9,3.7,0.8,0.5,1.6
Taylor Griffin,2010,2010,,6-7,238,"April 18, 1986",Oklahoma,Career,,,NBA,8,0,4.0,0.5,1.3,.400,0.3,0.5,.500,0.3,0.1,0.5,1.3,0.0,0.3,.000,0.5,1.0,.500,.400,0.0,0.3,0.0,0.3,0.1
Darrell Griffith,1981,1991,,6-4,190,"June 16, 1958",Louisville,Career,,,NBA,765,412,28.0,6.8,14.8,.463,1.8,2.6,.707,3.3,2.1,2.2,16.2,0.7,2.1,.332,6.2,12.7,.485,.487,1.0,2.3,1.2,0.3,2.1
Chuck Grigsby,1955,1955,,6-5,190,"August 15, 1928",Dayton,Career,,,NBA,7,,6.4,1.0,2.7,.368,0.3,1.1,.250,1.6,1.0,1.3,2.3,,,,,,,,,,,,
Derek Grimm,1998,1998,,6-9,230,"August 3, 1974",Missouri,Career,,,NBA,9,0,3.8,0.4,1.6,.286,0.2,0.2,1.000,0.4,0.0,0.7,1.6,0.4,1.3,.333,0.0,0.2,.000,.429,0.0,0.4,0.3,0.1,0.3
Woody Grimshaw,1947,1947,,6-1,185,"September 24, 1919",Brown University,Career,,,BAA,21,,,1.0,2.7,.357,1.0,2.1,.477,,0.0,1.2,2.9,,,,,,,,,,,,
Dick Groat,1953,1953,,5-11,180,"November 4, 1930",Duke,Career,,,NBA,26,,25.5,3.8,10.5,.368,4.2,5.3,.790,3.3,2.7,3.5,11.9,,,,,,,,,,,,
Bob Gross,1976,1983,,6-6,200,"August 3, 1953","Seattle University, Cal State Long Beach",Career,,,NBA,513,27,24.5,3.6,7.1,.512,1.7,2.1,.798,4.4,2.9,2.9,8.9,0.0,0.1,.179,3.6,7.0,.514,.512,1.8,2.6,1.2,0.7,2.1
Mike Grosso,1972,1972,,6-9,230,"September 7, 1947",Louisville,Career,,,ABA,25,,13.4,1.8,4.1,.441,0.5,0.9,.565,4.9,0.4,2.6,4.1,0.0,0.0,,1.8,4.1,.441,.441,2.0,3.0,,,0.8
Jerry Grote,1965,1965,,6-4,215,"December 28, 1940",Loyola Marymount,Career,,,NBA,11,,3.0,0.5,1.0,.545,0.2,0.2,1.000,0.4,0.4,0.5,1.3,,,,,,,,,,,,
Alex Groza,1950,1951,,6-7,218,"October 7, 1926",Kentucky,Career,,,NBA,130,,,7.8,16.4,.474,6.9,9.1,.756,10.7,2.4,3.5,22.5,,,,,,,,,,,,
Dick Grubar,1970,1970,,6-4,184,"July 26, 1947",UNC,Career,,,ABA,2,,4.0,1.0,1.5,.667,0.0,0.0,,0.0,0.5,0.5,2.0,0.0,0.0,,1.0,1.5,.667,.667,0.0,0.0,,,0.0
Anthony Grundy,2006,2006,,6-3,180,"April 15, 1979",NC State,Career,,,NBA,12,0,9.0,1.6,3.2,.500,0.8,1.2,.643,1.4,0.8,1.2,4.3,0.4,1.3,.333,1.2,1.9,.609,.566,0.1,1.3,0.6,0.0,0.8
Ernie Grunfeld,1978,1986,,6-6,210,"April 24, 1955",Tennessee,Career,,,NBA,693,17,18.6,3.0,6.2,.477,1.4,1.8,.770,2.6,2.0,2.2,7.4,0.1,0.2,.337,2.9,6.1,.480,.481,0.7,1.9,0.7,0.2,1.2
Gene Guarilia,1960,1963,,6-5,220,"September 13, 1937",George Washington,Career,,,NBA,129,,8.4,1.3,3.5,.376,0.6,1.0,.611,2.3,0.3,1.1,3.2,,,,,,,,,,,,
Pétur Guðmundsson,1982,1989,,7-2,260,"October 30, 1958",Washington,Career,,,NBA,150,20,13.7,1.7,3.4,.494,1.3,1.7,.754,3.8,1.0,2.7,4.6,0.0,0.0,.500,1.7,3.4,.494,.495,1.1,2.6,0.2,0.6,1.3
Marko Guduric,2020,2020,,6-6,201,"March 8, 1995",,Career,,,NBA,44,0,11.0,1.4,3.6,.395,0.5,0.6,.923,1.7,1.0,0.8,3.9,0.6,1.9,.301,0.8,1.7,.500,.475,0.3,1.3,0.3,0.2,0.8
Richie Guerin*,1957,1970,,6-4,195,"May 29, 1932",Iona College,Career,,,NBA,848,,32.4,6.1,14.7,.416,5.1,6.5,.780,5.0,5.0,3.3,17.3,,,,,,,,,,,,
Tom Gugliotta,1993,2005,,6-10,240,"December 19, 1969",NC State,Career,,,NBA,763,608,30.9,5.1,11.3,.451,2.5,3.4,.757,7.3,2.8,2.5,13.0,0.3,1.0,.284,4.8,10.3,.467,.463,2.1,5.2,1.4,0.6,2.3
Andrés Guibert,1994,1995,,6-10,225,"October 28, 1968",,Career,,,NBA,22,0,9.1,1.0,3.0,.328,0.7,1.1,.640,2.8,0.5,1.6,2.7,0.0,0.2,.000,1.0,2.9,.349,.328,1.2,1.6,0.4,0.1,0.8
Jay Guidinger,1993,1994,,6-10,255,"August 18, 1969",University of Minnesota Duluth,Career,,,NBA,64,5,5.4,0.5,1.4,.402,0.4,0.7,.609,1.5,0.3,1.1,1.5,0.0,0.0,,0.5,1.4,.402,.402,0.6,0.9,0.2,0.2,0.4
Coulby Gunther,1947,1949,,6-4,190,"February 5, 1923",Boston College,Career,,,BAA,84,,,3.7,11.2,.332,3.2,5.0,.642,,0.8,2.2,10.6,,,,,,,,,,,,
Dave Gunther,1963,1963,,6-7,190,"July 22, 1937",Iowa,Career,,,NBA,1,,5.0,1.0,2.0,.500,0.0,0.0,,3.0,3.0,1.0,2.0,,,,,,,,,,,,
Al Guokas,1950,1950,,6-5,200,"August 7, 1925",Saint Joseph's,Career,,,NBA,57,,,1.6,5.2,.311,0.5,0.9,.560,,1.7,2.5,3.8,,,,,,,,,,,,
Matt Guokas,1947,1947,,6-3,195,"November 11, 1915",Saint Joseph's,Career,,,BAA,47,,,0.6,2.2,.269,0.6,1.0,.553,,0.2,1.5,1.7,,,,,,,,,,,,
Matt Guokas,1967,1976,,6-5,175,"February 25, 1944",Saint Joseph's,Career,,,NBA,735,,22.6,2.4,5.0,.489,1.0,1.3,.727,2.0,3.0,2.0,5.8,,,,,,,,0.4,1.2,0.5,0.2,
Jorge Gutiérrez,2014,2016,,6-3,191,"December 27, 1988",California,Career,,,NBA,47,3,10.3,1.1,2.3,.500,0.6,0.8,.778,1.1,1.5,1.4,2.9,0.1,0.4,.176,1.1,1.9,.562,.514,0.2,1.0,0.4,0.0,0.7
Kyle Guy,2020,2021,,6-1,167,"August 11, 1997",Virginia,Career,,,NBA,34,0,7.2,0.9,2.7,.333,0.5,0.6,.800,1.1,1.0,0.6,2.7,0.4,1.4,.265,0.5,1.3,.409,.403,0.1,0.9,0.2,0.0,0.3
A.J. Guyton,2001,2003,,6-1,180,"February 12, 1978",Indiana,Career,,,NBA,80,14,15.6,2.1,5.5,.377,0.5,0.6,.822,1.0,1.8,0.7,5.5,0.9,2.4,.378,1.2,3.1,.377,.460,0.3,0.7,0.3,0.2,0.8
