Player,MP,FG,FGA,FG_Percentage,3P,3PA,3P_Percentage,FT,FTA,FT_Percentage,ORB,DRB,TRB,AST,STL,BLK,TOV,PF,PTS,PlusMinus,Starter,TS_Percentage,eFG_Percentage,3PAr,FTr,ORB_Percentage,DRB_Percentage,TRB_Percentage,AST_Percentage,STL_Percentage,BLK_Percentage,TOV_Percentage,USG_Percentage,ORtg,DRtg,BPM,GameID,DateTime,FG_x,FGA_x,FG_Percentage_x,3P_x,3PA_x,3P_Percentage_x,FT_x,FTA_x,FT_Percentage_x,ORB_x,DRB_x,TRB_x,AST_x,STL_x,BLK_x,TOV_x,PF_x,PTS_x,PlusMinus_x,FG_y,FGA_y,FG_Percentage_y,3P_y,3PA_y,3P_Percentage_y,FT_y,FTA_y,FT_Percentage_y,ORB_y,DRB_y,TRB_y,AST_y,STL_y,BLK_y,TOV_y,PF_y,PTS_y,PlusMinus_y
Donovan Mitchell,35.6,6.0,14.0,0.429,2.0,4.0,0.5,6.0,7.0,0.857,3.0,2.0,5.0,5.0,3.0,1.0,2.0,3.0,20.0,7.0,Starter,0.585,0.5,0.286,0.5,9.6,5.9,7.7,23.3,4.0,2.1,10.5,22.1,126,102,10.3,202007300NOP,2020-07-30 18:30:00,,,,,,,,,,,,,,,,,,,,,,,,,,,,,,,,,,,,,,
Royce O'Neale,34.53333333333333,5.0,11.0,0.455,2.0,7.0,0.286,0.0,0.0,,0.0,9.0,9.0,3.0,2.0,0.0,4.0,4.0,12.0,6.0,Starter,0.545,0.545,0.636,0.0,0.0,27.2,14.2,13.9,2.7,0.0,26.7,17.9,88,97,0.1,202007300NOP,2020-07-30 18:30:00,,,,,,,,,,,,,,,,,,,,,,,,,,,,,,,,,,,,,,
Mike Conley,33.95,7.0,16.0,0.438,2.0,7.0,0.286,4.0,4.0,1.0,1.0,0.0,1.0,4.0,1.0,1.0,2.0,2.0,20.0,12.0,Starter,0.563,0.5,0.438,0.25,3.4,0.0,1.6,20.9,1.4,2.2,10.1,24.0,118,110,4.6,202007300NOP,2020-07-30 18:30:00,,,,,,,,,,,,,,,,,,,,,,,,,,,,,,,,,,,,,,
Rudy Gobert,33.7,5.0,9.0,0.556,0.0,0.0,,4.0,5.0,0.8,2.0,10.0,12.0,0.0,0.0,3.0,3.0,3.0,14.0,8.0,Starter,0.625,0.556,0.0,0.556,6.8,31.0,19.4,0.0,0.0,6.8,21.1,17.4,106,98,0.0,202007300NOP,2020-07-30 18:30:00,,,,,,,,,,,,,,,,,,,,,,,,,,,,,,,,,,,,,,
Joe Ingles,31.9,4.0,7.0,0.571,1.0,3.0,0.333,4.0,5.0,0.8,1.0,2.0,3.0,2.0,2.0,0.0,5.0,4.0,13.0,11.0,Starter,0.707,0.643,0.429,0.714,3.6,6.5,5.1,9.7,3.0,0.0,35.2,18.4,97,105,-1.9,202007300NOP,2020-07-30 18:30:00,,,,,,,,,,,,,,,,,,,,,,,,,,,,,,,,,,,,,,
Jordan Clarkson,32.21666666666667,8.0,17.0,0.471,1.0,8.0,0.125,6.0,7.0,0.857,0.0,5.0,5.0,3.0,2.0,0.0,2.0,1.0,23.0,-15.0,Reserve,0.573,0.5,0.471,0.412,0.0,16.2,8.5,17.8,2.9,0.0,9.1,28.3,117,101,6.2,202007300NOP,2020-07-30 18:30:00,,,,,,,,,,,,,,,,,,,,,,,,,,,,,,,,,,,,,,
Tony Bradley,14.3,2.0,2.0,1.0,0.0,0.0,,0.0,0.0,,3.0,2.0,5.0,0.0,1.0,1.0,1.0,2.0,4.0,-6.0,Reserve,1.0,1.0,0.0,0.0,24.0,14.6,19.1,0.0,3.3,5.3,33.3,8.7,142,98,4.3,202007300NOP,2020-07-30 18:30:00,,,,,,,,,,,,,,,,,,,,,,,,,,,,,,,,,,,,,,
Georges Niang,13.466666666666667,0.0,6.0,0.0,0.0,3.0,0.0,0.0,0.0,,2.0,0.0,2.0,0.0,0.0,0.0,0.0,2.0,0.0,-4.0,Reserve,0.0,0.0,0.5,0.0,17.0,0.0,8.1,0.0,0.0,0.0,0.0,18.4,25,114,-21.1,202007300NOP,2020-07-30 18:30:00,,,,,,,,,,,,,,,,,,,,,,,,,,,,,,,,,,,,,,
Emmanuel Mudiay,10.333333333333334,0.0,2.0,0.0,0.0,2.0,0.0,0.0,0.0,,0.0,1.0,1.0,0.0,0.0,0.0,1.0,2.0,0.0,-9.0,Reserve,0.0,0.0,1.0,0.0,0.0,10.1,5.3,0.0,0.0,0.0,33.3,12.0,0,110,-20.0,202007300NOP,2020-07-30 18:30:00,,,,,,,,,,,,,,,,,,,,,,,,,,,,,,,,,,,,,,
Jrue Holiday,36.5,9.0,18.0,0.5,2.0,5.0,0.4,0.0,0.0,,2.0,3.0,5.0,4.0,3.0,1.0,6.0,4.0,20.0,-13.0,Starter,0.556,0.556,0.278,0.0,5.7,9.4,7.5,18.7,3.9,2.6,25.0,25.9,93,102,2.1,202007300NOP,2020-07-30 18:30:00,,,,,,,,,,,,,,,,,,,,,,,,,,,,,,,,,,,,,,
Brandon Ingram,32.93333333333333,7.0,20.0,0.35,2.0,8.0,0.25,7.0,8.0,0.875,1.0,7.0,8.0,0.0,0.0,1.0,1.0,3.0,23.0,-1.0,Starter,0.489,0.4,0.4,0.4,3.2,24.3,13.2,0.0,0.0,2.9,4.1,29.3,109,106,0.2,202007300NOP,2020-07-30 18:30:00,,,,,,,,,,,,,,,,,,,,,,,,,,,,,,,,,,,,,,
Derrick Favors,28.45,1.0,3.0,0.333,0.0,0.0,,0.0,0.0,,2.0,6.0,8.0,1.0,3.0,0.0,2.0,2.0,2.0,-9.0,Starter,0.333,0.333,0.0,0.0,7.3,24.1,15.3,4.4,5.0,0.0,40.0,6.9,66,96,-2.2,202007300NOP,2020-07-30 18:30:00,,,,,,,,,,,,,,,,,,,,,,,,,,,,,,,,,,,,,,
Lonzo Ball,27.483333333333334,2.0,13.0,0.154,0.0,4.0,0.0,0.0,2.0,0.0,2.0,4.0,6.0,7.0,2.0,0.0,3.0,4.0,4.0,-8.0,Starter,0.144,0.154,0.308,0.154,7.6,16.6,11.9,33.5,3.4,0.0,17.8,24.2,57,102,-10.1,202007300NOP,2020-07-30 18:30:00,,,,,,,,,,,,,,,,,,,,,,,,,,,,,,,,,,,,,,
Zion Williamson,15.166666666666666,6.0,8.0,0.75,0.0,0.0,,1.0,1.0,1.0,0.0,0.0,0.0,1.0,0.0,0.0,2.0,3.0,13.0,-16.0,Starter,0.77,0.75,0.0,0.125,0.0,0.0,0.0,15.1,0.0,0.0,19.2,27.1,118,115,3.0,202007300NOP,2020-07-30 18:30:00,,,,,,,,,,,,,,,,,,,,,,,,,,,,,,,,,,,,,,
J.J. Redick,26.083333333333332,7.0,15.0,0.467,3.0,8.0,0.375,4.0,4.0,1.0,1.0,3.0,4.0,3.0,0.0,0.0,3.0,1.0,21.0,8.0,Reserve,0.626,0.567,0.533,0.267,4.0,13.1,8.4,20.4,0.0,0.0,15.2,29.8,118,111,6.4,202007300NOP,2020-07-30 18:30:00,,,,,,,,,,,,,,,,,,,,,,,,,,,,,,,,,,,,,,
Josh Hart,22.016666666666666,4.0,7.0,0.571,2.0,3.0,0.667,0.0,1.0,0.0,1.0,2.0,3.0,1.0,0.0,0.0,1.0,3.0,10.0,9.0,Reserve,0.672,0.714,0.429,0.143,4.7,10.4,7.4,7.0,0.0,0.0,11.8,15.1,123,112,1.4,202007300NOP,2020-07-30 18:30:00,,,,,,,,,,,,,,,,,,,,,,,,,,,,,,,,,,,,,,
Jaxson Hayes,19.55,1.0,2.0,0.5,0.0,0.0,,1.0,2.0,0.5,5.0,2.0,7.0,1.0,0.0,0.0,1.0,2.0,3.0,7.0,Reserve,0.521,0.5,0.0,1.0,26.7,11.7,19.5,6.5,0.0,0.0,25.8,7.8,121,111,-3.6,202007300NOP,2020-07-30 18:30:00,,,,,,,,,,,,,,,,,,,,,,,,,,,,,,,,,,,,,,
Nicolò Melli,14.333333333333334,0.0,1.0,0.0,0.0,0.0,,0.0,0.0,,0.0,0.0,0.0,2.0,3.0,0.0,1.0,3.0,0.0,8.0,Reserve,0.0,0.0,0.0,0.0,0.0,0.0,0.0,16.7,9.9,0.0,50.0,5.5,49,93,1.8,202007300NOP,2020-07-30 18:30:00,,,,,,,,,,,,,,,,,,,,,,,,,,,,,,,,,,,,,,
E'Twaun Moore,13.666666666666666,3.0,7.0,0.429,2.0,3.0,0.667,0.0,0.0,,1.0,2.0,3.0,1.0,1.0,0.0,0.0,0.0,8.0,3.0,Reserve,0.571,0.571,0.429,0.0,7.6,16.7,12.0,11.9,3.5,0.0,0.0,20.2,133,102,12.0,202007300NOP,2020-07-30 18:30:00,,,,,,,,,,,,,,,,,,,,,,,,,,,,,,,,,,,,,,
Frank Jackson,3.8166666666666664,0.0,0.0,,0.0,0.0,,0.0,0.0,,0.0,1.0,1.0,1.0,0.0,0.0,0.0,0.0,0.0,2.0,Reserve,,,,,0.0,29.9,14.3,31.4,0.0,0.0,,0.0,228,106,4.6,202007300NOP,2020-07-30 18:30:00,,,,,,,,,,,,,,,,,,,,,,,,,,,,,,,,,,,,,,
Paul George,34.43333333333333,11.0,17.0,0.647,6.0,11.0,0.545,2.0,4.0,0.5,0.0,5.0,5.0,3.0,3.0,0.0,5.0,5.0,30.0,0.0,Starter,0.8,0.824,0.647,0.235,0.0,16.2,8.6,25.1,4.2,0.0,21.0,31.2,117,98,14.0,202007300LAL,2020-07-30 21:00:00,,,,,,,,,,,,,,,,,,,,,,,,,,,,,,,,,,,,,,
Reggie Jackson,34.016666666666666,3.0,10.0,0.3,1.0,4.0,0.25,3.0,4.0,0.75,1.0,5.0,6.0,4.0,0.0,0.0,4.0,1.0,10.0,9.0,Starter,0.425,0.35,0.4,0.4,3.7,16.4,10.5,20.3,0.0,0.0,25.4,20.9,80,108,-5.4,202007300LAL,2020-07-30 21:00:00,,,,,,,,,,,,,,,,,,,,,,,,,,,,,,,,,,,,,,
Kawhi Leonard,33.15,7.0,16.0,0.438,3.0,4.0,0.75,11.0,13.0,0.846,0.0,3.0,3.0,4.0,2.0,2.0,3.0,2.0,28.0,16.0,Starter,0.645,0.531,0.25,0.813,0.0,10.1,5.4,26.5,2.9,6.3,12.1,33.7,120,100,14.1,202007300LAL,2020-07-30 21:00:00,,,,,,,,,,,,,,,,,,,,,,,,,,,,,,,,,,,,,,
Marcus Morris,18.666666666666668,0.0,4.0,0.0,0.0,3.0,0.0,0.0,0.0,,0.0,3.0,3.0,1.0,0.0,0.0,2.0,4.0,0.0,10.0,Starter,0.0,0.0,0.75,0.0,0.0,17.9,9.5,8.0,0.0,0.0,33.3,14.5,12,107,-16.5,202007300LAL,2020-07-30 21:00:00,,,,,,,,,,,,,,,,,,,,,,,,,,,,,,,,,,,,,,
Ivica Zubac,15.333333333333334,1.0,3.0,0.333,0.0,0.0,,0.0,0.0,,1.0,2.0,3.0,1.0,1.0,1.0,2.0,4.0,2.0,-5.0,Starter,0.333,0.333,0.0,0.0,8.2,14.6,11.6,10.8,3.1,6.8,40.0,14.7,62,97,-6.2,202007300LAL,2020-07-30 21:00:00,,,,,,,,,,,,,,,,,,,,,,,,,,,,,,,,,,,,,,
JaMychal Green,28.716666666666665,3.0,6.0,0.5,2.0,4.0,0.5,0.0,0.0,,0.0,4.0,4.0,0.0,0.0,1.0,0.0,5.0,8.0,2.0,Reserve,0.667,0.667,0.667,0.0,0.0,15.5,8.3,0.0,0.0,3.6,0.0,9.4,124,106,1.4,202007300LAL,2020-07-30 21:00:00,,,,,,,,,,,,,,,,,,,,,,,,,,,,,,,,,,,,,,
Landry Shamet,22.1,1.0,8.0,0.125,0.0,5.0,0.0,0.0,0.0,,0.0,3.0,3.0,0.0,0.0,0.0,2.0,0.0,2.0,-19.0,Reserve,0.125,0.125,0.625,0.0,0.0,15.2,8.0,0.0,0.0,0.0,20.0,20.4,20,108,-17.5,202007300LAL,2020-07-30 21:00:00,,,,,,,,,,,,,,,,,,,,,,,,,,,,,,,,,,,,,,
Patrick Patterson,21.8,2.0,2.0,1.0,1.0,1.0,1.0,0.0,0.0,,0.0,4.0,4.0,2.0,0.0,0.0,0.0,1.0,5.0,0.0,Reserve,1.25,1.25,0.5,0.0,0.0,20.5,10.9,16.0,0.0,0.0,0.0,4.1,250,106,8.4,202007300LAL,2020-07-30 21:00:00,,,,,,,,,,,,,,,,,,,,,,,,,,,,,,,,,,,,,,
Patrick Beverley,16.1,3.0,7.0,0.429,2.0,3.0,0.667,4.0,5.0,0.8,0.0,1.0,1.0,1.0,0.0,0.0,2.0,4.0,12.0,-9.0,Reserve,0.652,0.571,0.429,0.714,0.0,6.9,3.7,12.9,0.0,0.0,17.9,31.4,108,110,-0.6,202007300LAL,2020-07-30 21:00:00,,,,,,,,,,,,,,,,,,,,,,,,,,,,,,,,,,,,,,
Joakim Noah,10.366666666666667,0.0,0.0,,0.0,0.0,,1.0,2.0,0.5,2.0,2.0,4.0,1.0,0.0,1.0,0.0,4.0,1.0,-12.0,Reserve,0.568,,,,24.4,21.5,22.9,14.5,0.0,10.1,0.0,3.8,188,100,2.5,202007300LAL,2020-07-30 21:00:00,,,,,,,,,,,,,,,,,,,,,,,,,,,,,,,,,,,,,,
Amir Coffey,5.316666666666666,1.0,1.0,1.0,1.0,1.0,1.0,0.0,0.0,,0.0,0.0,0.0,0.0,0.0,0.0,0.0,0.0,3.0,-2.0,Reserve,1.5,1.5,1.0,0.0,0.0,0.0,0.0,0.0,0.0,0.0,0.0,8.5,300,113,16.3,202007300LAL,2020-07-30 21:00:00,,,,,,,,,,,,,,,,,,,,,,,,,,,,,,,,,,,,,,
Anthony Davis,35.483333333333334,8.0,19.0,0.421,2.0,5.0,0.4,16.0,17.0,0.941,2.0,6.0,8.0,4.0,0.0,0.0,4.0,4.0,34.0,-3.0,Starter,0.642,0.474,0.263,0.895,6.3,21.4,13.4,25.6,0.0,0.0,13.1,36.1,124,105,11.0,202007300LAL,2020-07-30 21:00:00,,,,,,,,,,,,,,,,,,,,,,,,,,,,,,,,,,,,,,
LeBron James,34.3,6.0,19.0,0.316,2.0,7.0,0.286,2.0,2.0,1.0,2.0,9.0,11.0,7.0,1.0,1.0,5.0,3.0,16.0,-4.0,Starter,0.402,0.368,0.368,0.105,6.5,33.1,19.0,41.5,1.4,3.7,20.1,30.5,83,98,0.4,202007300LAL,2020-07-30 21:00:00,,,,,,,,,,,,,,,,,,,,,,,,,,,,,,,,,,,,,,
Kentavious Caldwell-Pope,29.45,2.0,8.0,0.25,0.0,3.0,0.0,2.0,3.0,0.667,0.0,1.0,1.0,2.0,1.0,0.0,1.0,3.0,6.0,6.0,Starter,0.322,0.25,0.375,0.375,0.0,4.3,2.0,11.3,1.6,0.0,9.7,14.7,74,103,-6.2,202007300LAL,2020-07-30 21:00:00,,,,,,,,,,,,,,,,,,,,,,,,,,,,,,,,,,,,,,
Danny Green,25.2,2.0,6.0,0.333,2.0,6.0,0.333,0.0,0.0,,0.0,1.0,1.0,0.0,0.0,0.0,4.0,3.0,6.0,-17.0,Starter,0.5,0.5,1.0,0.0,0.0,5.0,2.4,0.0,0.0,0.0,40.0,16.7,54,107,-10.5,202007300LAL,2020-07-30 21:00:00,,,,,,,,,,,,,,,,,,,,,,,,,,,,,,,,,,,,,,
JaVale McGee,11.433333333333334,3.0,4.0,0.75,0.0,0.0,,0.0,0.0,,4.0,3.0,7.0,0.0,2.0,0.0,0.0,3.0,6.0,-7.0,Starter,0.75,0.75,0.0,0.0,39.1,33.1,36.3,0.0,8.4,0.0,0.0,14.7,167,83,14.0,202007300LAL,2020-07-30 21:00:00,,,,,,,,,,,,,,,,,,,,,,,,,,,,,,,,,,,,,,
Kyle Kuzma,31.716666666666665,4.0,8.0,0.5,4.0,7.0,0.571,4.0,5.0,0.8,0.0,7.0,7.0,2.0,0.0,1.0,1.0,2.0,16.0,12.0,Reserve,0.784,0.75,0.875,0.625,0.0,27.9,13.1,11.7,0.0,4.0,8.9,14.8,145,101,10.6,202007300LAL,2020-07-30 21:00:00,,,,,,,,,,,,,,,,,,,,,,,,,,,,,,,,,,,,,,
Alex Caruso,27.833333333333332,2.0,7.0,0.286,0.0,2.0,0.0,3.0,6.0,0.5,1.0,3.0,4.0,2.0,1.0,0.0,0.0,1.0,7.0,9.0,Reserve,0.363,0.286,0.286,0.857,4.0,13.6,8.5,12.1,1.7,0.0,0.0,14.5,94,102,-1.2,202007300LAL,2020-07-30 21:00:00,,,,,,,,,,,,,,,,,,,,,,,,,,,,,,,,,,,,,,
Dion Waiters,21.116666666666667,5.0,10.0,0.5,1.0,6.0,0.167,0.0,0.0,,0.0,3.0,3.0,2.0,0.0,1.0,0.0,2.0,11.0,17.0,Reserve,0.55,0.55,0.6,0.0,0.0,17.9,8.4,22.0,0.0,6.0,0.0,19.9,118,101,6.0,202007300LAL,2020-07-30 21:00:00,,,,,,,,,,,,,,,,,,,,,,,,,,,,,,,,,,,,,,
Dwight Howard,12.516666666666667,0.0,0.0,,0.0,0.0,,1.0,4.0,0.25,2.0,1.0,3.0,2.0,1.0,0.0,1.0,5.0,1.0,5.0,Reserve,0.284,,,,17.8,10.1,14.2,24.0,3.8,0.0,36.2,9.3,89,96,-3.1,202007300LAL,2020-07-30 21:00:00,,,,,,,,,,,,,,,,,,,,,,,,,,,,,,,,,,,,,,
J.R. Smith,7.85,0.0,1.0,0.0,0.0,0.0,,0.0,0.0,,0.0,0.0,0.0,0.0,0.0,0.0,0.0,1.0,0.0,-7.0,Reserve,0.0,0.0,0.0,0.0,0.0,0.0,0.0,0.0,0.0,0.0,0.0,5.4,0,107,-10.0,202007300LAL,2020-07-30 21:00:00,,,,,,,,,,,,,,,,,,,,,,,,,,,,,,,,,,,,,,
Markieff Morris,3.1,0.0,0.0,,0.0,0.0,,0.0,0.0,,0.0,0.0,0.0,0.0,0.0,0.0,0.0,0.0,0.0,-1.0,Reserve,,,,,0.0,0.0,0.0,0.0,0.0,0.0,,0.0,0,108,-3.4,202007300LAL,2020-07-30 21:00:00,,,,,,,,,,,,,,,,,,,,,,,,,,,,,,,,,,,,,,
Nikola Vučević,27.0,8.0,12.0,0.667,1.0,4.0,0.25,5.0,5.0,1.0,0.0,7.0,7.0,5.0,0.0,0.0,2.0,2.0,22.0,20.0,Starter,0.775,0.708,0.333,0.417,0.0,27.1,15.4,28.0,0.0,0.0,12.3,25.9,141,116,8.2,202007310BRK,2020-07-31 14:30:00,,,,,,,,,,,,,,,,,,,,,,,,,,,,,,,,,,,,,,
D.J. Augustin,26.35,5.0,9.0,0.556,1.0,3.0,0.333,0.0,0.0,,0.0,1.0,1.0,3.0,0.0,0.0,2.0,1.0,11.0,4.0,Starter,0.611,0.611,0.333,0.0,0.0,4.0,2.2,14.8,0.0,0.0,18.2,18.0,103,122,-7.6,202007310BRK,2020-07-31 14:30:00,,,,,,,,,,,,,,,,,,,,,,,,,,,,,,,,,,,,,,
Aaron Gordon,26.0,2.0,5.0,0.4,0.0,1.0,0.0,6.0,8.0,0.75,0.0,11.0,11.0,2.0,0.0,0.0,1.0,1.0,10.0,24.0,Starter,0.587,0.4,0.2,1.6,0.0,44.1,25.1,8.7,0.0,0.0,10.5,15.8,118,112,-3.4,202007310BRK,2020-07-31 14:30:00,,,,,,,,,,,,,,,,,,,,,,,,,,,,,,,,,,,,,,
James Ennis,24.966666666666665,2.0,2.0,1.0,1.0,1.0,1.0,3.0,4.0,0.75,0.0,3.0,3.0,2.0,1.0,0.0,1.0,2.0,8.0,3.0,Starter,1.064,1.25,0.5,2.0,0.0,12.5,7.1,9.1,1.9,0.0,21.0,8.2,163,115,2.6,202007310BRK,2020-07-31 14:30:00,,,,,,,,,,,,,,,,,,,,,,,,,,,,,,,,,,,,,,
Evan Fournier,24.716666666666665,10.0,15.0,0.667,3.0,6.0,0.5,1.0,1.0,1.0,0.0,1.0,1.0,5.0,0.0,1.0,1.0,1.0,24.0,26.0,Starter,0.777,0.767,0.4,0.067,0.0,4.2,2.4,36.5,0.0,4.0,6.1,28.7,144,119,11.9,202007310BRK,2020-07-31 14:30:00,,,,,,,,,,,,,,,,,,,,,,,,,,,,,,,,,,,,,,
Terrence Ross,23.033333333333335,3.0,8.0,0.375,1.0,6.0,0.167,1.0,1.0,1.0,0.0,3.0,3.0,1.0,1.0,0.0,0.0,1.0,8.0,7.0,Reserve,0.474,0.438,0.75,0.125,0.0,13.6,7.7,5.2,2.0,0.0,0.0,15.8,101,115,-5.5,202007310BRK,2020-07-31 14:30:00,,,,,,,,,,,,,,,,,,,,,,,,,,,,,,,,,,,,,,
Michael Carter-Williams,21.65,2.0,9.0,0.222,1.0,3.0,0.333,1.0,1.0,1.0,1.0,0.0,1.0,2.0,1.0,0.0,1.0,6.0,6.0,6.0,Reserve,0.318,0.278,0.333,0.111,6.3,0.0,2.7,10.7,2.2,0.0,9.6,20.8,77,117,-15.5,202007310BRK,2020-07-31 14:30:00,,,,,,,,,,,,,,,,,,,,,,,,,,,,,,,,,,,,,,
Markelle Fultz,18.95,4.0,9.0,0.444,0.0,0.0,,0.0,0.0,,1.0,1.0,2.0,6.0,1.0,0.0,2.0,4.0,8.0,-4.0,Reserve,0.444,0.444,0.0,0.0,7.2,5.5,6.3,42.4,2.5,0.0,18.2,25.0,100,115,-6.9,202007310BRK,2020-07-31 14:30:00,,,,,,,,,,,,,,,,,,,,,,,,,,,,,,,,,,,,,,
Khem Birch,16.666666666666668,3.0,6.0,0.5,0.0,0.0,,6.0,6.0,1.0,2.0,2.0,4.0,5.0,1.0,2.0,1.0,3.0,12.0,2.0,Reserve,0.694,0.5,0.0,1.0,16.5,12.5,14.2,38.5,2.8,11.8,10.4,24.9,151,106,15.7,202007310BRK,2020-07-31 14:30:00,,,,,,,,,,,,,,,,,,,,,,,,,,,,,,,,,,,,,,
Jonathan Isaac,16.483333333333334,6.0,7.0,0.857,2.0,2.0,1.0,2.0,2.0,1.0,1.0,5.0,6.0,0.0,1.0,0.0,0.0,2.0,16.0,3.0,Reserve,1.015,1.0,0.286,0.286,8.3,31.7,21.6,0.0,2.8,0.0,0.0,20.6,198,109,16.2,202007310BRK,2020-07-31 14:30:00,,,,,,,,,,,,,,,,,,,,,,,,,,,,,,,,,,,,,,
Gary Clark,5.516666666666667,1.0,2.0,0.5,1.0,2.0,0.5,0.0,0.0,,0.0,0.0,0.0,0.0,0.0,0.0,1.0,0.0,3.0,-17.0,Reserve,0.75,0.75,1.0,0.0,0.0,0.0,0.0,0.0,0.0,0.0,33.3,23.4,80,123,-6.4,202007310BRK,2020-07-31 14:30:00,,,,,,,,,,,,,,,,,,,,,,,,,,,,,,,,,,,,,,
Melvin Frazier,4.333333333333333,0.0,0.0,,0.0,0.0,,0.0,0.0,,0.0,1.0,1.0,0.0,1.0,0.0,0.0,0.0,0.0,-12.0,Reserve,,,,,0.0,24.1,13.7,0.0,10.8,0.0,,0.0,0,93,8.0,202007310BRK,2020-07-31 14:30:00,,,,,,,,,,,,,,,,,,,,,,,,,,,,,,,,,,,,,,
Mohamed Bamba,4.333333333333333,0.0,3.0,0.0,0.0,3.0,0.0,0.0,0.0,,1.0,1.0,2.0,0.0,1.0,0.0,0.0,0.0,0.0,-12.0,Reserve,0.0,0.0,1.0,0.0,31.6,24.1,27.4,0.0,10.8,0.0,0.0,29.9,34,93,-23.9,202007310BRK,2020-07-31 14:30:00,,,,,,,,,,,,,,,,,,,,,,,,,,,,,,,,,,,,,,
Joe Harris,29.033333333333335,6.0,11.0,0.545,2.0,6.0,0.333,0.0,1.0,0.0,0.0,4.0,4.0,2.0,1.0,0.0,2.0,2.0,14.0,-14.0,Starter,0.612,0.636,0.545,0.091,0.0,18.9,8.2,9.7,1.6,0.0,14.9,19.3,101,123,-2.8,202007310BRK,2020-07-31 14:30:00,,,,,,,,,,,,,,,,,,,,,,,,,,,,,,,,,,,,,,
Caris LeVert,27.816666666666666,7.0,17.0,0.412,0.0,4.0,0.0,3.0,4.0,0.75,2.0,0.0,2.0,7.0,1.0,0.0,4.0,0.0,17.0,-26.0,Starter,0.453,0.412,0.235,0.235,7.5,0.0,4.3,37.8,1.7,0.0,17.6,34.1,95,125,-5.3,202007310BRK,2020-07-31 14:30:00,,,,,,,,,,,,,,,,,,,,,,,,,,,,,,,,,,,,,,
Jarrett Allen,26.883333333333333,7.0,9.0,0.778,0.0,0.0,,0.0,0.0,,2.0,3.0,5.0,3.0,0.0,0.0,0.0,4.0,14.0,-24.0,Starter,0.778,0.778,0.0,0.0,7.8,15.3,11.0,17.0,0.0,0.0,0.0,14.0,165,127,3.1,202007310BRK,2020-07-31 14:30:00,,,,,,,,,,,,,,,,,,,,,,,,,,,,,,,,,,,,,,
Lance Thomas,17.916666666666668,2.0,4.0,0.5,1.0,2.0,0.5,1.0,1.0,1.0,0.0,2.0,2.0,1.0,0.0,0.0,1.0,3.0,6.0,-21.0,Starter,0.676,0.625,0.5,0.25,0.0,15.3,6.6,6.9,0.0,0.0,18.4,12.7,111,127,-5.9,202007310BRK,2020-07-31 14:30:00,,,,,,,,,,,,,,,,,,,,,,,,,,,,,,,,,,,,,,
Chris Chiozza,17.383333333333333,1.0,6.0,0.167,0.0,5.0,0.0,0.0,0.0,,1.0,0.0,1.0,3.0,0.0,0.0,0.0,2.0,2.0,-22.0,Starter,0.167,0.167,0.833,0.0,6.0,0.0,3.4,20.1,0.0,0.0,0.0,14.4,75,129,-14.4,202007310BRK,2020-07-31 14:30:00,,,,,,,,,,,,,,,,,,,,,,,,,,,,,,,,,,,,,,
Garrett Temple,23.35,1.0,5.0,0.2,1.0,2.0,0.5,0.0,0.0,,0.0,3.0,3.0,1.0,0.0,0.0,3.0,0.0,3.0,-14.0,Reserve,0.3,0.3,0.4,0.0,0.0,17.6,7.6,4.9,0.0,0.0,37.5,14.3,43,127,-14.8,202007310BRK,2020-07-31 14:30:00,,,,,,,,,,,,,,,,,,,,,,,,,,,,,,,,,,,,,,
Timothé Luwawu-Cabarrot,21.55,8.0,12.0,0.667,5.0,8.0,0.625,3.0,4.0,0.75,0.0,4.0,4.0,0.0,1.0,0.0,0.0,3.0,24.0,14.0,Reserve,0.872,0.875,0.667,0.333,0.0,25.5,11.0,0.0,2.2,0.0,0.0,26.6,161,121,16.5,202007310BRK,2020-07-31 14:30:00,,,,,,,,,,,,,,,,,,,,,,,,,,,,,,,,,,,,,,
Tyler Johnson,18.616666666666667,2.0,8.0,0.25,1.0,4.0,0.25,6.0,6.0,1.0,1.0,1.0,2.0,4.0,0.0,0.0,0.0,3.0,11.0,-7.0,Reserve,0.517,0.313,0.5,0.75,5.6,7.4,6.4,26.6,0.0,0.0,0.0,23.8,131,128,-0.9,202007310BRK,2020-07-31 14:30:00,,,,,,,,,,,,,,,,,,,,,,,,,,,,,,,,,,,,,,
Rodions Kurucs,16.266666666666666,2.0,4.0,0.5,1.0,3.0,0.333,2.0,2.0,1.0,1.0,5.0,6.0,2.0,0.0,0.0,0.0,5.0,7.0,-5.0,Reserve,0.717,0.625,0.75,0.5,6.4,42.2,21.9,15.5,0.0,0.0,0.0,12.5,163,124,0.7,202007310BRK,2020-07-31 14:30:00,,,,,,,,,,,,,,,,,,,,,,,,,,,,,,,,,,,,,,
Donta Hall,12.45,3.0,3.0,1.0,0.0,0.0,,2.0,5.0,0.4,2.0,1.0,3.0,0.0,0.0,1.0,0.0,1.0,8.0,18.0,Reserve,0.769,1.0,0.0,1.667,16.8,11.0,14.3,0.0,0.0,6.9,0.0,17.4,157,122,4.4,202007310BRK,2020-07-31 14:30:00,,,,,,,,,,,,,,,,,,,,,,,,,,,,,,,,,,,,,,
Džanan Musa,9.6,2.0,2.0,1.0,1.0,1.0,1.0,0.0,0.0,,0.0,2.0,2.0,1.0,0.0,0.0,2.0,1.0,5.0,17.0,Reserve,1.25,1.25,0.5,0.0,0.0,28.6,12.3,14.7,0.0,0.0,50.0,17.4,95,126,0.0,202007310BRK,2020-07-31 14:30:00,,,,,,,,,,,,,,,,,,,,,,,,,,,,,,,,,,,,,,
Justin Anderson,9.6,0.0,2.0,0.0,0.0,2.0,0.0,0.0,0.0,,1.0,2.0,3.0,4.0,0.0,1.0,1.0,0.0,0.0,17.0,Reserve,0.0,0.0,1.0,0.0,10.9,28.6,18.5,45.5,0.0,8.9,33.3,13.0,81,118,4.7,202007310BRK,2020-07-31 14:30:00,,,,,,,,,,,,,,,,,,,,,,,,,,,,,,,,,,,,,,
Jeremiah Martin,9.533333333333333,3.0,8.0,0.375,1.0,5.0,0.2,0.0,0.0,,0.0,2.0,2.0,2.0,1.0,0.0,1.0,1.0,7.0,17.0,Reserve,0.438,0.438,0.625,0.0,0.0,28.8,12.4,34.9,4.9,0.0,11.1,39.4,87,115,-3.1,202007310BRK,2020-07-31 14:30:00,,,,,,,,,,,,,,,,,,,,,,,,,,,,,,,,,,,,,,
Devin Booker,35.9,8.0,21.0,0.381,2.0,7.0,0.286,9.0,9.0,1.0,0.0,5.0,5.0,4.0,1.0,0.0,5.0,4.0,27.0,24.0,Starter,0.541,0.429,0.333,0.429,0.0,16.3,9.2,17.1,1.3,0.0,16.7,36.1,96,108,-8.2,202007310WAS,2020-07-31 16:00:00,,,,,,,,,,,,,,,,,,,,,,,,,,,,,,,,,,,,,,
Deandre Ayton,34.86666666666667,11.0,14.0,0.786,2.0,3.0,0.667,0.0,0.0,,3.0,9.0,12.0,3.0,0.0,2.0,1.0,2.0,24.0,12.0,Starter,0.857,0.857,0.214,0.0,12.9,30.2,22.6,15.4,0.0,4.0,6.7,18.6,159,104,10.2,202007310WAS,2020-07-31 16:00:00,,,,,,,,,,,,,,,,,,,,,,,,,,,,,,,,,,,,,,
Mikal Bridges,33.65,4.0,8.0,0.5,1.0,5.0,0.2,4.0,6.0,0.667,0.0,3.0,3.0,3.0,1.0,0.0,1.0,2.0,13.0,7.0,Starter,0.611,0.563,0.625,0.75,0.0,10.4,5.9,11.8,1.3,0.0,8.6,14.9,119,109,-1.4,202007310WAS,2020-07-31 16:00:00,,,,,,,,,,,,,,,,,,,,,,,,,,,,,,,,,,,,,,
Ricky Rubio,29.116666666666667,3.0,7.0,0.429,1.0,3.0,0.333,8.0,8.0,1.0,0.0,1.0,1.0,9.0,3.0,0.0,3.0,4.0,15.0,-8.0,Starter,0.713,0.5,0.429,1.143,0.0,4.0,2.3,40.0,4.7,0.0,22.2,20.1,133,102,4.9,202007310WAS,2020-07-31 16:00:00,,,,,,,,,,,,,,,,,,,,,,,,,,,,,,,,,,,,,,
Cameron Johnson,24.783333333333335,5.0,8.0,0.625,1.0,3.0,0.333,1.0,1.0,1.0,1.0,2.0,3.0,2.0,1.0,0.0,1.0,5.0,12.0,0.0,Starter,0.711,0.688,0.375,0.125,6.1,9.4,8.0,12.0,1.8,0.0,10.6,16.5,130,108,-0.2,202007310WAS,2020-07-31 16:00:00,,,,,,,,,,,,,,,,,,,,,,,,,,,,,,,,,,,,,,
Dario Šarić,27.233333333333334,4.0,6.0,0.667,2.0,3.0,0.667,6.0,6.0,1.0,0.0,6.0,6.0,3.0,1.0,0.0,4.0,4.0,16.0,-2.0,Reserve,0.926,0.833,0.5,1.0,0.0,25.8,14.5,15.1,1.7,0.0,31.6,20.1,125,105,3.1,202007310WAS,2020-07-31 16:00:00,,,,,,,,,,,,,,,,,,,,,,,,,,,,,,,,,,,,,,
Jevon Carter,24.916666666666668,2.0,5.0,0.4,1.0,4.0,0.25,2.0,2.0,1.0,0.0,2.0,2.0,1.0,1.0,0.0,0.0,1.0,7.0,5.0,Reserve,0.595,0.5,0.8,0.4,0.0,9.4,5.3,5.1,1.8,0.0,0.0,10.2,125,108,-1.5,202007310WAS,2020-07-31 16:00:00,,,,,,,,,,,,,,,,,,,,,,,,,,,,,,,,,,,,,,
Cameron Payne,18.95,4.0,7.0,0.571,1.0,2.0,0.5,0.0,0.0,,0.0,3.0,3.0,2.0,2.0,1.0,1.0,0.0,9.0,21.0,Reserve,0.643,0.643,0.286,0.0,0.0,18.5,10.4,15.9,4.8,3.7,12.5,18.2,111,96,7.0,202007310WAS,2020-07-31 16:00:00,,,,,,,,,,,,,,,,,,,,,,,,,,,,,,,,,,,,,,
Frank Kaminsky,10.583333333333334,1.0,4.0,0.25,0.0,2.0,0.0,0.0,0.0,,0.0,2.0,2.0,2.0,0.0,0.0,1.0,2.0,2.0,6.0,Reserve,0.25,0.25,0.5,0.0,0.0,22.1,12.4,24.2,0.0,0.0,20.0,20.4,62,109,-13.7,202007310WAS,2020-07-31 16:00:00,,,,,,,,,,,,,,,,,,,,,,,,,,,,,,,,,,,,,,
Thomas Bryant,33.55,4.0,12.0,0.333,1.0,4.0,0.25,1.0,2.0,0.5,1.0,6.0,7.0,3.0,2.0,0.0,0.0,2.0,10.0,-9.0,Starter,0.388,0.375,0.333,0.167,3.5,26.8,13.7,11.8,2.7,0.0,0.0,15.5,96,115,-0.8,202007310WAS,2020-07-31 16:00:00,,,,,,,,,,,,,,,,,,,,,,,,,,,,,,,,,,,,,,
Rui Hachimura,29.783333333333335,8.0,15.0,0.533,0.0,0.0,,5.0,5.0,1.0,3.0,5.0,8.0,1.0,1.0,0.0,5.0,2.0,21.0,-12.0,Starter,0.61,0.533,0.0,0.333,11.8,25.2,17.7,5.5,1.5,0.0,22.5,30.0,102,118,-2.2,202007310WAS,2020-07-31 16:00:00,,,,,,,,,,,,,,,,,,,,,,,,,,,,,,,,,,,,,,
Shabazz Napier,26.616666666666667,4.0,13.0,0.308,1.0,5.0,0.2,3.0,3.0,1.0,0.0,3.0,3.0,3.0,1.0,1.0,4.0,2.0,12.0,-14.0,Starter,0.419,0.346,0.385,0.231,0.0,16.9,7.4,15.6,1.7,3.8,21.8,27.7,75,115,-7.7,202007310WAS,2020-07-31 16:00:00,,,,,,,,,,,,,,,,,,,,,,,,,,,,,,,,,,,,,,
Troy Brown,26.55,6.0,11.0,0.545,0.0,2.0,0.0,3.0,3.0,1.0,1.0,0.0,1.0,1.0,1.0,0.0,0.0,4.0,15.0,-14.0,Starter,0.609,0.545,0.182,0.273,4.4,0.0,2.5,5.8,1.7,0.0,0.0,18.7,132,119,0.6,202007310WAS,2020-07-31 16:00:00,,,,,,,,,,,,,,,,,,,,,,,,,,,,,,,,,,,,,,
Isaac Bonga,22.116666666666667,2.0,6.0,0.333,0.0,1.0,0.0,5.0,5.0,1.0,1.0,3.0,4.0,1.0,1.0,0.0,2.0,3.0,9.0,-11.0,Starter,0.549,0.333,0.167,0.833,5.3,20.3,11.9,5.8,2.0,0.0,19.6,18.6,101,117,-3.9,202007310WAS,2020-07-31 16:00:00,,,,,,,,,,,,,,,,,,,,,,,,,,,,,,,,,,,,,,
Jerome Robinson,31.65,7.0,9.0,0.778,4.0,6.0,0.667,2.0,3.0,0.667,0.0,1.0,1.0,1.0,1.0,0.0,2.0,3.0,20.0,-11.0,Reserve,0.969,1.0,0.667,0.333,0.0,4.7,2.1,4.8,1.4,0.0,16.2,15.7,153,120,7.6,202007310WAS,2020-07-31 16:00:00,,,,,,,,,,,,,,,,,,,,,,,,,,,,,,,,,,,,,,
Ish Smith,26.933333333333334,8.0,18.0,0.444,1.0,2.0,0.5,0.0,0.0,,0.0,4.0,4.0,7.0,0.0,0.0,3.0,2.0,17.0,-3.0,Reserve,0.472,0.472,0.111,0.0,0.0,22.3,9.8,45.0,0.0,0.0,14.3,31.4,96,122,-2.5,202007310WAS,2020-07-31 16:00:00,,,,,,,,,,,,,,,,,,,,,,,,,,,,,,,,,,,,,,
Moritz Wagner,14.45,1.0,3.0,0.333,0.0,0.0,,0.0,0.0,,1.0,2.0,3.0,0.0,0.0,0.0,2.0,3.0,2.0,-4.0,Reserve,0.333,0.333,0.0,0.0,8.1,20.8,13.7,0.0,0.0,0.0,40.0,13.9,52,122,-16.5,202007310WAS,2020-07-31 16:00:00,,,,,,,,,,,,,,,,,,,,,,,,,,,,,,,,,,,,,,
Johnathan Williams,12.6,0.0,0.0,,0.0,0.0,,1.0,2.0,0.5,1.0,1.0,2.0,0.0,0.0,1.0,0.0,2.0,1.0,5.0,Reserve,0.568,,,,9.3,11.9,10.4,0.0,0.0,7.9,0.0,2.8,152,116,-3.5,202007310WAS,2020-07-31 16:00:00,,,,,,,,,,,,,,,,,,,,,,,,,,,,,,,,,,,,,,
Jerian Grant,10.133333333333333,2.0,2.0,1.0,1.0,1.0,1.0,0.0,0.0,,0.0,1.0,1.0,1.0,0.0,0.0,0.0,1.0,5.0,14.0,Reserve,1.25,1.25,0.5,0.0,0.0,14.8,6.5,14.6,0.0,0.0,0.0,8.0,245,122,9.4,202007310WAS,2020-07-31 16:00:00,,,,,,,,,,,,,,,,,,,,,,,,,,,,,,,,,,,,,,
Admiral Schofield,5.616666666666667,0.0,2.0,0.0,0.0,1.0,0.0,0.0,0.0,,0.0,2.0,2.0,0.0,0.0,0.0,0.0,2.0,0.0,-6.0,Reserve,0.0,0.0,0.5,0.0,0.0,53.4,23.4,0.0,0.0,0.0,0.0,14.3,0,119,-22.0,202007310WAS,2020-07-31 16:00:00,,,,,,,,,,,,,,,,,,,,,,,,,,,,,,,,,,,,,,
Gordon Hayward,34.46666666666667,6.0,14.0,0.429,0.0,3.0,0.0,5.0,5.0,1.0,2.0,7.0,9.0,6.0,0.0,1.0,4.0,2.0,17.0,-4.0,Starter,0.525,0.429,0.214,0.357,5.2,23.8,13.2,29.2,0.0,3.2,19.8,23.3,103,116,1.7,202007310MIL,2020-07-31 18:30:00,,,,,,,,,,,,,,,,,,,,,,,,,,,,,,,,,,,,,,
Jaylen Brown,33.916666666666664,6.0,15.0,0.4,3.0,10.0,0.3,7.0,9.0,0.778,1.0,3.0,4.0,1.0,1.0,0.0,1.0,5.0,22.0,-7.0,Starter,0.58,0.5,0.667,0.6,2.6,10.4,6.0,5.0,1.4,0.0,5.0,23.4,121,117,2.6,202007310MIL,2020-07-31 18:30:00,,,,,,,,,,,,,,,,,,,,,,,,,,,,,,,,,,,,,,
Jayson Tatum,32.45,2.0,18.0,0.111,0.0,4.0,0.0,1.0,2.0,0.5,4.0,3.0,7.0,3.0,2.0,1.0,2.0,3.0,5.0,-13.0,Starter,0.132,0.111,0.222,0.111,11.0,10.8,10.9,13.0,2.8,3.4,9.6,25.5,49,112,-12.5,202007310MIL,2020-07-31 18:30:00,,,,,,,,,,,,,,,,,,,,,,,,,,,,,,,,,,,,,,
Daniel Theis,31.866666666666667,5.0,13.0,0.385,2.0,6.0,0.333,1.0,2.0,0.5,4.0,8.0,12.0,3.0,0.0,2.0,2.0,5.0,13.0,-13.0,Starter,0.468,0.462,0.462,0.154,11.2,29.4,19.0,15.3,0.0,7.0,12.6,19.8,103,112,1.1,202007310MIL,2020-07-31 18:30:00,,,,,,,,,,,,,,,,,,,,,,,,,,,,,,,,,,,,,,
Kemba Walker,19.133333333333333,5.0,9.0,0.556,3.0,6.0,0.5,3.0,4.0,0.75,0.0,1.0,1.0,2.0,0.0,1.0,1.0,1.0,16.0,-12.0,Starter,0.743,0.722,0.667,0.444,0.0,6.1,2.6,20.5,0.0,5.8,8.5,24.4,141,117,13.9,202007310MIL,2020-07-31 18:30:00,,,,,,,,,,,,,,,,,,,,,,,,,,,,,,,,,,,,,,
Marcus Smart,32.15,7.0,11.0,0.636,3.0,6.0,0.5,6.0,8.0,0.75,1.0,3.0,4.0,1.0,1.0,0.0,4.0,1.0,23.0,3.0,Reserve,0.792,0.773,0.545,0.727,2.8,10.9,6.3,5.6,1.4,0.0,21.6,22.9,123,117,6.3,202007310MIL,2020-07-31 18:30:00,,,,,,,,,,,,,,,,,,,,,,,,,,,,,,,,,,,,,,
Brad Wanamaker,26.1,5.0,9.0,0.556,0.0,2.0,0.0,4.0,4.0,1.0,1.0,5.0,6.0,1.0,2.0,0.0,1.0,4.0,14.0,9.0,Reserve,0.651,0.556,0.222,0.444,3.4,22.4,11.6,6.6,3.5,0.0,8.5,17.9,129,110,4.3,202007310MIL,2020-07-31 18:30:00,,,,,,,,,,,,,,,,,,,,,,,,,,,,,,,,,,,,,,
Semi Ojeleye,14.666666666666666,0.0,0.0,,0.0,0.0,,0.0,0.0,,0.0,2.0,2.0,1.0,0.0,0.0,0.0,4.0,0.0,0.0,Reserve,,,,,0.0,16.0,6.9,8.8,0.0,0.0,,0.0,230,119,-5.0,202007310MIL,2020-07-31 18:30:00,,,,,,,,,,,,,,,,,,,,,,,,,,,,,,,,,,,,,,
Enes Kanter,11.0,1.0,2.0,0.5,0.0,0.0,,0.0,0.0,,1.0,2.0,3.0,0.0,1.0,0.0,0.0,2.0,2.0,-2.0,Reserve,0.5,0.5,0.0,0.0,8.1,21.3,13.8,0.0,4.2,0.0,0.0,7.2,123,109,-1.3,202007310MIL,2020-07-31 18:30:00,,,,,,,,,,,,,,,,,,,,,,,,,,,,,,,,,,,,,,
Grant Williams,4.25,0.0,0.0,,0.0,0.0,,0.0,0.0,,0.0,0.0,0.0,0.0,1.0,0.0,0.0,1.0,0.0,4.0,Reserve,,,,,0.0,0.0,0.0,0.0,10.8,0.0,,0.0,0,97,4.2,202007310MIL,2020-07-31 18:30:00,,,,,,,,,,,,,,,,,,,,,,,,,,,,,,,,,,,,,,
Khris Middleton,32.916666666666664,6.0,20.0,0.3,2.0,9.0,0.222,4.0,4.0,1.0,2.0,3.0,5.0,8.0,1.0,0.0,1.0,3.0,18.0,13.0,Starter,0.414,0.35,0.45,0.2,7.1,8.1,7.7,38.6,1.4,0.0,4.4,29.1,104,112,-0.1,202007310MIL,2020-07-31 18:30:00,,,,,,,,,,,,,,,,,,,,,,,,,,,,,,,,,,,,,,
Giannis Antetokounmpo,32.11666666666667,14.0,20.0,0.7,1.0,3.0,0.333,7.0,12.0,0.583,1.0,14.0,15.0,7.0,1.0,1.0,2.0,5.0,36.0,18.0,Starter,0.712,0.725,0.15,0.6,3.6,38.7,23.6,57.9,1.4,2.8,7.3,35.8,138,98,20.0,202007310MIL,2020-07-31 18:30:00,,,,,,,,,,,,,,,,,,,,,,,,,,,,,,,,,,,,,,
Brook Lopez,28.9,4.0,10.0,0.4,2.0,5.0,0.4,4.0,4.0,1.0,1.0,3.0,4.0,0.0,1.0,6.0,2.0,4.0,14.0,13.0,Starter,0.595,0.5,0.5,0.4,4.1,9.2,7.0,0.0,1.6,18.5,14.5,20.1,104,101,4.3,202007310MIL,2020-07-31 18:30:00,,,,,,,,,,,,,,,,,,,,,,,,,,,,,,,,,,,,,,
Donte DiVincenzo,26.716666666666665,4.0,8.0,0.5,2.0,5.0,0.4,0.0,0.0,,1.0,5.0,6.0,3.0,0.0,0.0,2.0,4.0,10.0,13.0,Starter,0.625,0.625,0.625,0.0,4.4,16.6,11.3,16.9,0.0,0.0,20.0,15.8,108,111,-1.9,202007310MIL,2020-07-31 18:30:00,,,,,,,,,,,,,,,,,,,,,,,,,,,,,,,,,,,,,,
Wesley Matthews,26.683333333333334,2.0,6.0,0.333,2.0,6.0,0.333,3.0,3.0,1.0,0.0,0.0,0.0,0.0,0.0,0.0,0.0,1.0,9.0,12.0,Starter,0.615,0.5,1.0,0.5,0.0,0.0,0.0,0.0,0.0,0.0,0.0,11.6,126,118,-2.4,202007310MIL,2020-07-31 18:30:00,,,,,,,,,,,,,,,,,,,,,,,,,,,,,,,,,,,,,,
George Hill,27.616666666666667,2.0,5.0,0.4,0.0,2.0,0.0,3.0,4.0,0.75,1.0,3.0,4.0,4.0,1.0,0.0,2.0,2.0,7.0,-4.0,Reserve,0.518,0.4,0.4,0.8,4.2,9.7,7.3,19.6,1.7,0.0,22.8,13.4,105,111,-3.3,202007310MIL,2020-07-31 18:30:00,,,,,,,,,,,,,,,,,,,,,,,,,,,,,,,,,,,,,,
Sterling Brown,22.933333333333334,1.0,4.0,0.25,0.0,3.0,0.0,1.0,1.0,1.0,1.0,5.0,6.0,1.0,3.0,0.0,1.0,2.0,3.0,-16.0,Reserve,0.338,0.25,0.75,0.25,5.1,19.4,13.2,5.7,6.0,0.0,18.4,10.0,78,97,0.2,202007310MIL,2020-07-31 18:30:00,,,,,,,,,,,,,,,,,,,,,,,,,,,,,,,,,,,,,,
Robin Lopez,14.133333333333333,3.0,4.0,0.75,1.0,2.0,0.5,2.0,2.0,1.0,0.0,1.0,1.0,1.0,0.0,0.0,2.0,3.0,9.0,-7.0,Reserve,0.922,0.875,0.5,0.5,0.0,6.3,3.6,11.8,0.0,0.0,29.1,20.5,121,115,0.9,202007310MIL,2020-07-31 18:30:00,,,,,,,,,,,,,,,,,,,,,,,,,,,,,,,,,,,,,,
Ersan İlyasova,13.933333333333334,1.0,2.0,0.5,1.0,1.0,1.0,4.0,4.0,1.0,0.0,4.0,4.0,0.0,0.0,0.0,1.0,1.0,7.0,-7.0,Reserve,0.931,0.75,0.5,2.0,0.0,25.5,14.5,0.0,0.0,0.0,21.0,14.4,146,108,2.7,202007310MIL,2020-07-31 18:30:00,,,,,,,,,,,,,,,,,,,,,,,,,,,,,,,,,,,,,,
Kyle Korver,13.9,2.0,5.0,0.4,2.0,5.0,0.4,0.0,0.0,,0.0,2.0,2.0,1.0,2.0,0.0,2.0,1.0,6.0,0.0,Reserve,0.6,0.6,1.0,0.0,0.0,12.8,7.3,10.8,6.6,0.0,28.6,21.2,82,98,3.3,202007310MIL,2020-07-31 18:30:00,,,,,,,,,,,,,,,,,,,,,,,,,,,,,,,,,,,,,,
D.J. Wilson,0.1,0.0,0.0,,0.0,0.0,,0.0,0.0,,0.0,0.0,0.0,0.0,0.0,0.0,0.0,0.0,0.0,0.0,Reserve,,,,,0.0,0.0,0.0,0.0,0.0,0.0,,0.0,0,118,-4.4,202007310MIL,2020-07-31 18:30:00,,,,,,,,,,,,,,,,,,,,,,,,,,,,,,,,,,,,,,
De'Aaron Fox,37.85,17.0,33.0,0.515,1.0,7.0,0.143,4.0,5.0,0.8,3.0,0.0,3.0,6.0,1.0,1.0,3.0,3.0,39.0,-12.0,Starter,0.554,0.53,0.212,0.152,9.3,0.0,4.5,31.1,1.2,2.0,7.9,40.8,114,124,3.8,202007310SAS,2020-07-31 20:00:00,,,,,,,,,,,,,,,,,,,,,,,,,,,,,,,,,,,,,,
Harrison Barnes,36.56666666666667,4.0,5.0,0.8,1.0,2.0,0.5,1.0,2.0,0.5,1.0,6.0,7.0,1.0,2.0,0.0,2.0,2.0,10.0,-16.0,Starter,0.85,0.9,0.4,0.4,3.2,18.3,10.9,3.2,2.5,0.0,25.4,8.7,125,120,-1.0,202007310SAS,2020-07-31 20:00:00,,,,,,,,,,,,,,,,,,,,,,,,,,,,,,,,,,,,,,
Bogdan Bogdanović,31.616666666666667,8.0,15.0,0.533,6.0,11.0,0.545,2.0,2.0,1.0,0.0,2.0,2.0,2.0,2.0,0.0,1.0,2.0,24.0,2.0,Starter,0.756,0.733,0.733,0.133,0.0,7.1,3.6,9.0,2.8,0.0,5.9,21.6,142,121,8.7,202007310SAS,2020-07-31 20:00:00,,,,,,,,,,,,,,,,,,,,,,,,,,,,,,,,,,,,,,
Nemanja Bjelica,30.4,5.0,8.0,0.625,1.0,3.0,0.333,1.0,1.0,1.0,0.0,5.0,5.0,1.0,2.0,1.0,1.0,6.0,12.0,-4.0,Starter,0.711,0.688,0.375,0.125,0.0,18.4,9.4,4.1,2.9,2.4,10.6,12.5,128,116,-0.8,202007310SAS,2020-07-31 20:00:00,,,,,,,,,,,,,,,,,,,,,,,,,,,,,,,,,,,,,,
Richaun Holmes,23.583333333333332,3.0,5.0,0.6,0.0,0.0,,4.0,4.0,1.0,2.0,4.0,6.0,1.0,0.0,0.0,2.0,6.0,10.0,-3.0,Starter,0.74,0.6,0.0,0.8,9.9,18.9,14.5,5.1,0.0,0.0,22.8,15.0,127,125,-6.5,202007310SAS,2020-07-31 20:00:00,,,,,,,,,,,,,,,,,,,,,,,,,,,,,,,,,,,,,,
Cory Joseph,26.283333333333335,2.0,5.0,0.4,1.0,4.0,0.25,0.0,0.0,,0.0,2.0,2.0,4.0,1.0,0.0,1.0,1.0,5.0,8.0,Reserve,0.5,0.5,0.8,0.0,0.0,8.5,4.3,17.3,1.7,0.0,16.7,9.2,108,123,-2.8,202007310SAS,2020-07-31 20:00:00,,,,,,,,,,,,,,,,,,,,,,,,,,,,,,,,,,,,,,
Kent Bazemore,22.866666666666667,3.0,8.0,0.375,1.0,3.0,0.333,1.0,1.0,1.0,2.0,9.0,11.0,5.0,2.0,0.0,2.0,3.0,8.0,-3.0,Reserve,0.474,0.438,0.375,0.125,10.2,43.9,27.5,26.4,3.9,0.0,19.2,18.4,106,112,3.5,202007310SAS,2020-07-31 20:00:00,,,,,,,,,,,,,,,,,,,,,,,,,,,,,,,,,,,,,,
Buddy Hield,19.516666666666666,2.0,13.0,0.154,1.0,8.0,0.125,1.0,3.0,0.333,0.0,4.0,4.0,1.0,1.0,0.0,3.0,2.0,6.0,-13.0,Reserve,0.209,0.192,0.615,0.231,0.0,22.9,11.7,6.0,2.3,0.0,17.3,35.9,41,119,-25.0,202007310SAS,2020-07-31 20:00:00,,,,,,,,,,,,,,,,,,,,,,,,,,,,,,,,,,,,,,
DaQuan Jeffries,7.016666666666667,1.0,1.0,1.0,0.0,0.0,,2.0,2.0,1.0,0.0,1.0,1.0,0.0,0.0,0.0,0.0,0.0,4.0,6.0,Reserve,1.064,1.0,0.0,2.0,0.0,15.9,8.1,0.0,0.0,0.0,0.0,10.8,226,126,4.9,202007310SAS,2020-07-31 20:00:00,,,,,,,,,,,,,,,,,,,,,,,,,,,,,,,,,,,,,,
Harry Giles,4.3,1.0,2.0,0.5,0.0,0.0,,0.0,0.0,,0.0,1.0,1.0,1.0,0.0,0.0,0.0,0.0,2.0,-10.0,Reserve,0.5,0.5,0.0,0.0,0.0,26.0,13.3,32.0,0.0,0.0,0.0,18.8,121,124,4.3,202007310SAS,2020-07-31 20:00:00,,,,,,,,,,,,,,,,,,,,,,,,,,,,,,,,,,,,,,
DeMar DeRozan,37.9,10.0,13.0,0.769,0.0,0.0,,7.0,9.0,0.778,1.0,4.0,5.0,10.0,0.0,0.0,4.0,4.0,27.0,7.0,Starter,0.796,0.769,0.0,0.692,2.9,12.4,7.5,35.8,0.0,0.0,19.1,22.7,141,117,4.7,202007310SAS,2020-07-31 20:00:00,,,,,,,,,,,,,,,,,,,,,,,,,,,,,,,,,,,,,,
Derrick White,33.6,8.0,15.0,0.533,4.0,9.0,0.444,6.0,6.0,1.0,2.0,6.0,8.0,5.0,1.0,1.0,5.0,3.0,26.0,19.0,Starter,0.737,0.667,0.6,0.4,6.6,20.9,13.6,19.5,1.3,2.5,22.1,27.7,121,110,5.7,202007310SAS,2020-07-31 20:00:00,,,,,,,,,,,,,,,,,,,,,,,,,,,,,,,,,,,,,,
Lonnie Walker,32.3,7.0,12.0,0.583,1.0,2.0,0.5,1.0,1.0,1.0,0.0,3.0,3.0,4.0,0.0,0.0,2.0,0.0,16.0,10.0,Starter,0.643,0.625,0.167,0.083,0.0,10.9,5.3,15.8,0.0,0.0,13.9,18.4,116,117,-0.7,202007310SAS,2020-07-31 20:00:00,,,,,,,,,,,,,,,,,,,,,,,,,,,,,,,,,,,,,,
Jakob Poeltl,31.816666666666666,3.0,7.0,0.429,0.0,0.0,,1.0,2.0,0.5,4.0,2.0,6.0,3.0,2.0,2.0,0.0,3.0,7.0,7.0,Starter,0.444,0.429,0.0,0.286,14.0,7.4,10.8,10.4,2.8,5.3,0.0,10.2,128,107,0.7,202007310SAS,2020-07-31 20:00:00,,,,,,,,,,,,,,,,,,,,,,,,,,,,,,,,,,,,,,
Dejounte Murray,21.083333333333332,5.0,11.0,0.455,1.0,2.0,0.5,0.0,0.0,,0.0,4.0,4.0,4.0,0.0,0.0,2.0,5.0,11.0,-9.0,Starter,0.5,0.5,0.182,0.0,0.0,22.2,10.8,24.9,0.0,0.0,15.4,25.3,96,115,-8.5,202007310SAS,2020-07-31 20:00:00,,,,,,,,,,,,,,,,,,,,,,,,,,,,,,,,,,,,,,
Keldon Johnson,30.016666666666666,3.0,7.0,0.429,2.0,4.0,0.5,0.0,2.0,0.0,1.0,5.0,6.0,2.0,1.0,0.0,0.0,1.0,8.0,7.0,Reserve,0.508,0.571,0.571,0.286,3.7,19.5,11.4,7.4,1.5,0.0,0.0,10.8,114,112,-1.3,202007310SAS,2020-07-31 20:00:00,,,,,,,,,,,,,,,,,,,,,,,,,,,,,,,,,,,,,,
Rudy Gay,26.1,8.0,15.0,0.533,3.0,5.0,0.6,0.0,0.0,,1.0,7.0,8.0,1.0,0.0,1.0,1.0,0.0,19.0,3.0,Reserve,0.633,0.633,0.333,0.0,4.3,31.4,17.5,5.5,0.0,3.2,6.3,25.2,116,111,3.5,202007310SAS,2020-07-31 20:00:00,,,,,,,,,,,,,,,,,,,,,,,,,,,,,,,,,,,,,,
Marco Belinelli,15.2,1.0,4.0,0.25,0.0,2.0,0.0,7.0,7.0,1.0,0.0,1.0,1.0,1.0,1.0,0.0,0.0,0.0,9.0,-2.0,Reserve,0.636,0.25,0.5,1.75,0.0,7.7,3.8,7.0,2.9,0.0,0.0,19.1,146,111,2.9,202007310SAS,2020-07-31 20:00:00,,,,,,,,,,,,,,,,,,,,,,,,,,,,,,,,,,,,,,
Quinndary Weatherspoon,9.966666666666667,2.0,5.0,0.4,0.0,1.0,0.0,0.0,0.0,,0.0,1.0,1.0,2.0,1.0,0.0,1.0,1.0,4.0,0.0,Reserve,0.4,0.4,0.2,0.0,0.0,11.7,5.7,25.1,4.5,0.0,16.7,24.7,82,107,-5.9,202007310SAS,2020-07-31 20:00:00,,,,,,,,,,,,,,,,,,,,,,,,,,,,,,,,,,,,,,
Drew Eubanks,2.0166666666666666,1.0,1.0,1.0,0.0,0.0,,0.0,0.0,,0.0,0.0,0.0,0.0,0.0,0.0,0.0,0.0,2.0,3.0,Reserve,1.0,1.0,0.0,0.0,0.0,0.0,0.0,0.0,0.0,0.0,0.0,20.4,200,119,11.0,202007310SAS,2020-07-31 20:00:00,,,,,,,,,,,,,,,,,,,,,,,,,,,,,,,,,,,,,,
